id,tenant_id,ocr_client_name,ocr_document_date,ocr_payment_amount,ocr_qualified_invoice_issuer_code,ocr_all_prices
01JN5MR984ARKBJ1X0HMP7PGYD,61b79418-aa3e-4032-8b1f-bee8166ff6f9,沖縄台所 くわっち一�?,2023/1/17,2900,,"[
  2900
]"
01JNCTHVVJD0WMSH3P2KPH0XC5,61b79418-aa3e-4032-8b1f-bee8166ff6f9,GO株式会社(,2024/8/1,2500,T2011501015896,"[
  790093,
  95236,
  10482,
  8721,
  4269,
  2900,
  2500,
  2000,
  979,
  854,
  769,
  575,
  560,
  543,
  264,
  227,
  182,
  99,
  38,
  33,
  8,
  7,
  6,
  5,
  4,
  4,
  3,
  2,
  1,
  0
]"
01JNCVFQ9G09HHEZ22HKKQ3V0J,61b79418-aa3e-4032-8b1f-bee8166ff6f9,北星タクシー株式会社,2024/5/23,910,T4430001062785,"[
  606294,
  7659,
  3364,
  2000,
  910,
  805,
  12,
  10,
  1
]"
01JNCW0ASZM5JGXR7Y7KQRFC0S,61b79418-aa3e-4032-8b1f-bee8166ff6f9,"フジタクシーグループ
",2024/7/20,2030,T9180002043938,"[
  100870,
  2030,
  2
]"
01JNCW4QKCYTS3DTYEBEAWCNJZ,61b79418-aa3e-4032-8b1f-bee8166ff6f9,和自動車株式会社,2024/10/24,900,T8011801009048,"[
  141630,
  900
]"
01JNCWX5VN582ZAEJ6ZHXBNBX9,61b79418-aa3e-4032-8b1f-bee8166ff6f9,正和自動車株式会�?2024-07-26,1200,T6011801008340,"[
  2177,
  1200
]",
01JNCX0EK8GD928VCT6YPK3BP3,61b79418-aa3e-4032-8b1f-bee8166ff6f9,福岡エムケイ株式会社,2024/7/19,1390,T5290001032447,"[
  1390,
  330,
  201,
  126,
  24,
  0
]"
01JNCX53J6FBETVPY629V75X0M,61b79418-aa3e-4032-8b1f-bee8166ff6f9,"フジタクシーグループ
",2024/7/20,2030,T9180002043938,"[
  100870,
  2030,
  2
]"
01JNCXRRVTM8GR0A4TNEFJP1H5,61b79418-aa3e-4032-8b1f-bee8166ff6f9,株式会社三興タクシー336号車,2024/7/22,1230,,"[
  1230,
  336,
  0
]"
01JNCY1SRH86MS6HPQ9T71TZGP,61b79418-aa3e-4032-8b1f-bee8166ff6f9,大和自動車交通江�?�?,2024/5/31,1400,T7010601045948,"[
  1400
]"
01JNCY55G4VJ7ZKGM8Y6JQ50VD,61b79418-aa3e-4032-8b1f-bee8166ff6f9,(�?クラウンタクシー,2024/5/18,1310,T2280001000184,"[
  1310
]"
01JNCY7HSD28J1S32XWJEKCH3T,61b79418-aa3e-4032-8b1f-bee8166ff6f9,合同会社南西交�?2024-04-28,1700,T9360003005134,"[
  1700
]",
01JNCYC7AYVG5DE44K059NEMD3,61b79418-aa3e-4032-8b1f-bee8166ff6f9,西日本旅客鉄道株式会�?2024-05-19,13060,T1120001059575,"[
  101203,
  13060,
  10,
  1
]",
01JNCYF293P6WC7ZKWE3KHWWMZ,61b79418-aa3e-4032-8b1f-bee8166ff6f9,近畿日本鉄道株式会社,2024/8/4,2680,T5120001183629,"[
  7336,
  2680,
  2436,
  98,
  55,
  9,
  4,
  2,
  1,
  0
]"
01JNCYJ7ZRW9XX3Y13WMNZN8G0,61b79418-aa3e-4032-8b1f-bee8166ff6f9,東日本旅客鉄道株式会�?2021-02-23,3530,,"[
  100361,
  3530,
  4,
  1
]",
01JNCYSEY4XW8MZRPMHAT6H5FN,61b79418-aa3e-4032-8b1f-bee8166ff6f9,SHINJUKU�?Takashimaya,2025/2/24,1641,T5120001077467,"[
  1641,
  1520,
  800,
  720,
  121,
  5,
  0
]"
01JNCYY8W2GNE0D9MCTAKZYHZW,61b79418-aa3e-4032-8b1f-bee8166ff6f9,ミネ医薬品株式会�?2025-02-02,2252,T4011001022706,"[
  10000,
  2252,
  1595,
  657,
  204,
  45,
  2,
  0
]",
01JNCZ21575MGCEKT958RM35CJ,61b79418-aa3e-4032-8b1f-bee8166ff6f9,"ew.note
",2025/2/24,5880,T3011001115295,"[
  5880,
  5830,
  5300,
  3600,
  1400,
  530,
  300,
  204,
  50,
  46,
  4,
  1
]"
01JNCZBFCK3Y1G9J3D9R1RD316,61b79418-aa3e-4032-8b1f-bee8166ff6f9,Bio c'Bonビオセボン代々木上原�?2025-02-16,384,T5040001095717,"[
  43232,
  4949,
  384,
  356,
  198,
  158,
  28,
  1,
  0
]",
01JND06K9CNWWVWW6QEFFDZ349,61b79418-aa3e-4032-8b1f-bee8166ff6f9,B) Takashimaya,2025/2/24,4843,T5120001077467,"[
  4843,
  4480,
  2280,
  2200,
  358,
  9,
  7,
  5,
  0
]"
01JND0JEZ37THWA9ARDCABY4AX,61b79418-aa3e-4032-8b1f-bee8166ff6f9,"COVERCHORD Nakameguro
",2025/1/26,22000,T5013201016882,"[
  22000,
  20000,
  2000,
  1,
  0
]"
01JND0PFETRDP1T9AYRPNZ8SPB,61b79418-aa3e-4032-8b1f-bee8166ff6f9,渋谷�?2025-01-02,590,T1011001158346,"[
  978,
  590,
  43,
  1,
  0
]",
01JND0VR1KWNSRNTFNETD565FM,61b79418-aa3e-4032-8b1f-bee8166ff6f9,④芦野温泉芦野温�?2024-11-17,230,T1010001036644,"[
  1461,
  230,
  20,
  0
]",
01JND135HMQCWZ5DKMCHDTM9S8,61b79418-aa3e-4032-8b1f-bee8166ff6f9,FourSeasonsHotel,2019/2/1,80002,,"[
  80000,
  63241,
  23716,
  9486,
  7905,
  2884,
  81,
  28,
  3,
  2,
  1,
  0
]"
01JND14B27XDDNFFNGN6ZJ190E,61b79418-aa3e-4032-8b1f-bee8166ff6f9,事業者名:株式会社ルー�?2025-01-07,5900,T8010401092198,"[
  23055,
  5900,
  1600,
  1400,
  1300,
  536,
  4,
  1,
  0
]",
01JND16Y16JBFCX5KZ72R4EQJ4,61b79418-aa3e-4032-8b1f-bee8166ff6f9,K月島もんじゃ もへ�?三軒茶屋,2025/1/10,9089,T8010001173258,"[
  9089,
  9039,
  2178,
  1980,
  1848,
  1408,
  826,
  660,
  605,
  330,
  300,
  110,
  3,
  2
]"
01JND1CRPJEDSVT0D3QSXSRFCB,61b79418-aa3e-4032-8b1f-bee8166ff6f9,うみぱんbakery on the sea,2024/12/6,572,T7010901016970,"[
  6226,
  572,
  378,
  194,
  42,
  41,
  2,
  0
]"
01JND1JNZ9K0PM62G810NH2ENZ,61b79418-aa3e-4032-8b1f-bee8166ff6f9,KAGARIBI,2024/12/20,11400,,"[
  11400,
  5000,
  4000,
  2500,
  2400,
  1200,
  1000,
  0
]"
01JND1QBH1AT1QC0CG6E1SC6MF,61b79418-aa3e-4032-8b1f-bee8166ff6f9,シンガポール�?小籠包と餃子専門�?2024-12-11,16340,T9010101001904,"[
  16340,
  3200,
  1800,
  1486,
  1200,
  990,
  980,
  850,
  720,
  640,
  600,
  530,
  380,
  19,
  5,
  4,
  3,
  2,
  1,
  0
]",
01JND1TMSF5ENZ3D4SZ740H6KS,61b79418-aa3e-4032-8b1f-bee8166ff6f9,当店,2025/1/12,13658,,"[
  13658,
  3850,
  2768,
  2640,
  1528,
  1440,
  1242,
  880,
  550,
  102,
  7,
  2,
  1,
  0
]"
01JND1WP31MQKE5HABW5QKJTA8,61b79418-aa3e-4032-8b1f-bee8166ff6f9,大衆食堂 みゆ�?2025-02-13,19620,T5020001071579,"[
  19620,
  2760,
  1784,
  1440,
  1260,
  1160,
  980,
  960,
  950,
  720,
  630,
  600,
  590,
  580,
  570,
  500,
  490,
  460,
  380,
  360,
  340,
  290,
  240,
  220,
  200,
  190,
  51,
  4,
  3,
  2,
  0
]",
01JND1WQBWW3QZ3W7HH32M279V,61b79418-aa3e-4032-8b1f-bee8166ff6f9,"中部食祭 (新宿カブキha11)
",2025/1/12,5052,T6011101048194,"[
  11099,
  5052,
  1989,
  1099,
  989,
  769,
  459,
  41,
  11,
  5,
  1,
  0
]"
01JND1Z3EF0CCW0GKSH99MS7D1,61b79418-aa3e-4032-8b1f-bee8166ff6f9,豚肉洋食倶楽�?イロハほぼ新宿のれん�?2025-02-13,11713,T2010001128936,"[
  11713,
  3297,
  1920,
  1485,
  1276,
  1099,
  1064,
  879,
  659,
  549,
  31,
  4,
  3,
  2,
  1,
  0
]",
01JND22VB4CM8DAX10R8DVQSF0,61b79418-aa3e-4032-8b1f-bee8166ff6f9,"築地いなせや
",,8000,T1010001100284,"[
  8000,
  2545
]"
01JND2C7EJ8YA9NM7G8WGGFRAR,61b79418-aa3e-4032-8b1f-bee8166ff6f9,株式会社クリアックス,2025/2/14,8350,T9013301013693,"[
  8350,
  8100,
  5503,
  4500,
  1650,
  900,
  736,
  550,
  505,
  250,
  250,
  5,
  1,
  0
]"
01JND2G3HFK9ADJ3QB1HGK146E,61b79418-aa3e-4032-8b1f-bee8166ff6f9,"cafe 1930
",2025/1/12,5580,T9010601033281,"[
  5580,
  1930,
  990,
  700,
  507,
  400
]"
01JND2K2DD6BTN2PF6S348P3DX,61b79418-aa3e-4032-8b1f-bee8166ff6f9,事業者名:株式会社B級グルメ研究所,2025/2/23,580,T6011001090577,"[
  580,
  430,
  150,
  43,
  2,
  1,
  0
]"
01JND5PP8ACEPZ42AKCFYVXPAS,61b79418-aa3e-4032-8b1f-bee8166ff6f9,南房総やまと寿司 館山本店,2024/12/6,32850,T6040001074257,"[
  32850,
  2986,
  2940,
  2650,
  2400,
  1760,
  1740,
  1720,
  1520,
  1320,
  1290,
  1160,
  1140,
  1060,
  1050,
  980,
  880,
  760,
  680,
  600,
  580,
  530,
  520,
  480,
  460,
  430,
  380,
  350,
  330,
  280,
  260,
  230,
  200,
  180,
  130,
  6,
  5,
  4,
  3,
  2
]"
01JND64S95BMFYESYG0AJZFHTV,61b79418-aa3e-4032-8b1f-bee8166ff6f9,日の丸サンズ株式会社,2024/11/17,642,T6010001006659,"[
  642,
  378,
  189,
  146,
  118,
  47,
  2,
  1
]"
01JND6FDJFZCWKED0KPKDW815K,61b79418-aa3e-4032-8b1f-bee8166ff6f9,JR東日�?2024-12-06,1296,T3011101042662,"[
  5987,
  3452,
  2130,
  1718,
  1296,
  1230,
  820,
  410,
  97,
  91,
  66,
  33,
  12,
  6,
  2,
  1
]",
01JND6PKEEEXGHEDKTMW7730QM,61b79418-aa3e-4032-8b1f-bee8166ff6f9,水刺間恵比寿本店,2025/1/16,25575,T5011001151289,"[
  25575,
  23250,
  17400,
  5800,
  2325,
  1950,
  1300,
  650,
  3,
  2,
  1,
  0
]"
01JND6QG9XA1HKD60H12QXZFRT,61b79418-aa3e-4032-8b1f-bee8166ff6f9,Cocolo Kitchen KYOTO,2024/12/30,4600,T3130001059045,"[
  4600,
  1600,
  1500,
  800,
  340,
  65,
  30,
  0
]"
01JND6WZG3SJ4MSCKBQK7J0ZHK,61b79418-aa3e-4032-8b1f-bee8166ff6f9,メゾンドプティフール 本店,2024/11/21,1541,T7010802003449,"[
  1541,
  1501,
  702,
  691,
  115,
  111,
  108,
  40,
  4
]"
01JND71BXZPCVRYEBKP3NX1KCY,61b79418-aa3e-4032-8b1f-bee8166ff6f9,フクモチック有限会社,2024/11/15,3780,,"[
  988544,
  4730,
  3780,
  1260,
  950,
  800,
  720,
  630,
  620,
  350,
  206,
  86,
  70,
  30,
  15,
  11,
  2,
  1,
  0
]"
01JND75YPA6NMBRJYJRB2R3NGP,61b79418-aa3e-4032-8b1f-bee8166ff6f9,株式会社森ビルホスピタリティコーポレ,2025/1/1,5637,T8010401045627,"[
  6200,
  5637,
  2025,
  564,
  1
]"
01JND7C0ZYB1ECJ1JTSZJYD50W,61b79418-aa3e-4032-8b1f-bee8166ff6f9,,2029/3/1,7600,T8010001139688,"[
  182302,
  7600,
  2500,
  1800,
  1563,
  900,
  691,
  6,
  5,
  2,
  1,
  0
]"
01JND7DD7QVX3KJ5XNGS1DVAEJ,61b79418-aa3e-4032-8b1f-bee8166ff6f9,クラフトマン 五反田店,2024/11/24,14920,T8010701023860,"[
  14920,
  13563,
  1357,
  1
]"
01JND7K1DMM3B2MRAWYJME4X3S,61b79418-aa3e-4032-8b1f-bee8166ff6f9,(�?ビックカメラ,2025/1/19,2328,T9013301010402,"[
  2328,
  1370,
  958,
  500,
  211,
  100,
  71,
  24,
  7,
  5,
  3,
  2,
  1,
  0
]"
01JND7K4B9589VQTCY77N3M8M2,61b79418-aa3e-4032-8b1f-bee8166ff6f9,フォーミ�?2024-01-03,5440,T7020003019616,"[
  5440,
  2040,
  1950,
  1900,
  1020,
  750,
  2,
  0
]",
01JND7QA63S8TD48EFBZGNKEXB,61b79418-aa3e-4032-8b1f-bee8166ff6f9,株式会社SNOWBALL,2025/1/11,1810,T3010401150489,"[
  1810,
  165,
  0
]"
01JND7RSE7H6DNYCXNA72W4HGQ,61b79418-aa3e-4032-8b1f-bee8166ff6f9,販売 : 小山酒店,2024/4/1,4470,,"[
  4470,
  4384,
  3700,
  770,
  370,
  330,
  8,
  4
]"
01JND7T3R8WN0MSHCA0384X0RZ,61b79418-aa3e-4032-8b1f-bee8166ff6f9,株式会社グラッシーズ,2025/1/9,3400,T4011001069788,"[
  3400,
  1700,
  252,
  2
]"
01JND7XD1JJQP3CS1BK4GRVBXD,61b79418-aa3e-4032-8b1f-bee8166ff6f9,販売 : お酒の専門�?2024-04-01,3998,,"[
  4384,
  3998,
  350,
  196,
  18,
  8,
  4,
  0
]",
01JND7Z94Q7XSM5QPCX97KC08G,61b79418-aa3e-4032-8b1f-bee8166ff6f9,コメダ珈琲�?赤坂一ツ木通り�?2025-01-13,3680,T8010401014755,"[
  5600,
  3680,
  1920,
  870,
  800,
  780,
  680,
  550,
  334,
  6,
  3
]",
01JND83ET4S12WVQ4NY61ZPXBR,61b79418-aa3e-4032-8b1f-bee8166ff6f9,赤坂見附�?2025-01-22,2210,T9020001071996,"[
  9901,
  2210,
  990,
  200,
  163,
  100,
  30,
  5,
  2,
  1
]",
01JND85NQEBBW34QSX08ARHEV7,61b79418-aa3e-4032-8b1f-bee8166ff6f9,アマゾンジャパン合同会社,2024/4/1,2166,,"[
  4384,
  2166,
  350,
  12,
  8,
  6,
  4,
  0
]"
01JND8AHW449VRYX2995Q18SJT,61b79418-aa3e-4032-8b1f-bee8166ff6f9,株式会社ノム�?2024-03-27,24750,T7020001126083,"[
  24750,
  22917,
  1833,
  0
]",
01JND8FESG9QTC2YMVPGN5388X,61b79418-aa3e-4032-8b1f-bee8166ff6f9,株式会社GOLDENDAWN,2024/7/23,25330,T8011701022852,"[
  27330,
  25330,
  2000,
  1876,
  1490,
  181,
  17,
  1,
  0
]"
01JND8P3K66PGHX1Z0DE6EHXZG,61b79418-aa3e-4032-8b1f-bee8166ff6f9,セブ�?イレブン日本橋堀留町2丁目�?2024-05-15,198,T8010003016282,"[
  198,
  184,
  162,
  14,
  7,
  4,
  3,
  1
]",
01JND8QT4HQ3H9VGGTV8TE7PDX,61b79418-aa3e-4032-8b1f-bee8166ff6f9,★本日はご来店いただき誠にありが,2024/11/21,2360,,"[
  2360,
  1350,
  940,
  175,
  70,
  26,
  2,
  0
]"
01JND8SS22F0J86265AKWTK82T,61b79418-aa3e-4032-8b1f-bee8166ff6f9,顧客名大石陽,2024/7/23,8190,,"[
  142544,
  87435,
  8190,
  4490,
  3680,
  3463,
  2544,
  10,
  8,
  3,
  2,
  1,
  0
]"
01JND8W1SRK3G54DQXDFC6NXFF,61b79418-aa3e-4032-8b1f-bee8166ff6f9,株式会社ノム�?2024-07-23,28050,T7020001126083,"[
  28050,
  25973,
  2077,
  0
]",
01JND90GP0NP9H2236FWQ1FMHY,61b79418-aa3e-4032-8b1f-bee8166ff6f9,�?2024-12-28,1340,T5010801008608,"[
  9079,
  7997,
  3720,
  1340,
  720,
  400,
  220,
  120,
  110,
  100,
  99,
  12,
  6,
  4,
  2
]",
01JND95BP4GJQBNZ4FEEEAGYVR,61b79418-aa3e-4032-8b1f-bee8166ff6f9,"Patisserie AKANE
",2024/12/24,3880,T1810951734438,"[
  5000,
  3880,
  3593,
  1120,
  287,
  14,
  3
]"
01JND9XAJA3AV2JXADGA74JB7Z,61b79418-aa3e-4032-8b1f-bee8166ff6f9,FoodshowFUTAKO TAMAGAWA,2024/12/29,1800,T3011001016584,"[
  1800,
  200,
  133
]"
01JNDAG60DYA0V27Z6Z035TF8G,61b79418-aa3e-4032-8b1f-bee8166ff6f9,エシレ・ラトリエ デュブール麻布台ヒルズ店,2025/1/23,1188,T7010401006794,"[
  1188,
  1100,
  600,
  500,
  88,
  1,
  0
]"
01JNDAM4QHVGCP62FE0C1R1QB5,61b79418-aa3e-4032-8b1f-bee8166ff6f9,,2025/1/11,60036800,,"[
  680,
  630,
  627,
  598,
  583,
  298,
  149,
  120,
  50,
  10,
  8,
  3,
  1,
  0
]"
01JNDEP034WCR1GPAJ5TW90R69,61b79418-aa3e-4032-8b1f-bee8166ff6f9,向島�?2025-02-09,1134,T5010602009821,"[
  5794,
  1952,
  1134,
  1050,
  350,
  270,
  230,
  200,
  84,
  8,
  7
]",
01JNDESA5BHDAZ67PA2RSMWCG9,61b79418-aa3e-4032-8b1f-bee8166ff6f9,オーケー 三鷹北口�?2025-02-22,409,T6010801001974,"[
  37930,
  600,
  409,
  379,
  299,
  80,
  0
]",
01JNF9ZSPWJJMRZ0BEJGNACEXE,61b79418-aa3e-4032-8b1f-bee8166ff6f9,SOUEN,2025/1/25,792,T2010401131894,"[
  1583,
  891,
  792,
  791,
  692,
  58,
  0
]"
01JNFA3P8VEX455JQGDVD7MAMA,61b79418-aa3e-4032-8b1f-bee8166ff6f9,<haritts>,2024/12/21,1063,T1011001122657,"[
  1063,
  500,
  280,
  250,
  79,
  3
]"
01JNFAEQ3BXX6PWR4Y2M33B8EQ,61b79418-aa3e-4032-8b1f-bee8166ff6f9,亀戸ぎょうざ亀戸本�?2024-12-15,2750,,"[
  2750,
  5
]",
01JNFAH2YNXP7T3FYWDYQTR5W9,61b79418-aa3e-4032-8b1f-bee8166ff6f9,亀戸ホルモン本�?2024-12-15,8730,,"[
  10000,
  8730,
  1700,
  1680,
  1270,
  880,
  850,
  794,
  650,
  550,
  400,
  270,
  220,
  2
]",
01JNFAMJYQXGDEW0V087DR6V2G,61b79418-aa3e-4032-8b1f-bee8166ff6f9,The Bellwood,2024/12/29,4199,T5010901041582,"[
  4199,
  4190,
  4172,
  2000,
  1900,
  381,
  272,
  86,
  27,
  9,
  0
]"
01JNFAS4W1J7G0YATDNMRAXEMF,61b79418-aa3e-4032-8b1f-bee8166ff6f9,ちよだ鮨 笹塚�?2024-12-22,7008,T4010001063000,"[
  7008,
  6490,
  6487,
  5390,
  518,
  399,
  299,
  4,
  3,
  0,
  0
]",
01JNFAX4BYKM84ZJMZ9BQ1TTA7,61b79418-aa3e-4032-8b1f-bee8166ff6f9,若林�?2024-12-26,4543,T8010901020897,"[
  76162,
  4543,
  4042,
  2025,
  2024,
  1848,
  1078,
  891,
  726,
  413,
  106,
  75,
  20,
  2
]",
01JNFAZ6Y733PRKMQHFQ73QRSA,61b79418-aa3e-4032-8b1f-bee8166ff6f9,CQUEEN'S ISETAN笹塚�?2024-12-22,2442,T8010001188090,"[
  30000,
  2442,
  2438,
  2262,
  1280,
  1021,
  598,
  380,
  300,
  180,
  11,
  4,
  3,
  0
]",
01JNFB3MVAC6G808T5GJQFZ8ST,61b79418-aa3e-4032-8b1f-bee8166ff6f9,ミッドダイニング,2024/12/7,4980,T3011001007691,"[
  4980,
  2000,
  1380,
  800,
  452,
  55,
  7,
  0
]"
01JNFB7NKDDT5EW547CPKWZCQN,61b79418-aa3e-4032-8b1f-bee8166ff6f9,東京餃子楼三軒茶屋本�?2024-12-08,1672,,"[
  1672,
  550,
  484,
  385,
  253,
  152,
  1
]",
01JNFBBW7VYP0DVESRHVRW40VC,61b79418-aa3e-4032-8b1f-bee8166ff6f9,,2024/12/8,9070,T4011001104264,"[
  9070,
  985,
  922,
  862,
  824,
  4,
  3,
  1
]"
01JNFBENBYWHG1X6P3QW9RBGVT,61b79418-aa3e-4032-8b1f-bee8166ff6f9,事業者名:株式会社ルー�?2024-12-09,6500,T8010401092198,"[
  6500,
  5909,
  2600,
  1300,
  591,
  5,
  2,
  1,
  0
]",
01JNFBGE162XMMD6Z5KZ16EYMA,61b79418-aa3e-4032-8b1f-bee8166ff6f9,SAKE SHOP 福光�?玉川�?2024-11-26,2200,T7220001011356,"[
  2200,
  2000,
  200,
  4,
  1,
  0
]",
01JNFBJE5E542QC78J6A3W5AFM,61b79418-aa3e-4032-8b1f-bee8166ff6f9,SETAN伊勢丹新宿本�?2024-11-10,1447,T4011101059648,"[
  62471,
  31066,
  4949,
  3352,
  2000,
  1447,
  1340,
  1111,
  1069,
  370,
  310,
  220,
  107,
  98,
  1
]",
01JNFBM6PZ9TT2VHMB6WBZT6NW,61b79418-aa3e-4032-8b1f-bee8166ff6f9,御膳�?銀座店,2024/11/14,5350,T7010401919045,"[
  5350,
  486,
  36,
  11,
  6,
  0
]"
01JNFBP00H4NTC10G4VSBHEEKY,61b79418-aa3e-4032-8b1f-bee8166ff6f9,鼎泰�?新宿高島屋店,2024/11/24,5430,T2010001060684,"[
  5430,
  1320,
  1290,
  1050,
  1020,
  750,
  493,
  6,
  2,
  1
]"
01JNFBS5C5Z99FJYV886BWBXXB,61b79418-aa3e-4032-8b1f-bee8166ff6f9,PATH,2024/12/7,6270,T5011001108058,"[
  364899,
  49993,
  6270,
  3920,
  2017,
  1960,
  980,
  834,
  770,
  600,
  570,
  8,
  4,
  2,
  0
]"
01JNFBVEG7FBAG4K0R4V612QRA,61b79418-aa3e-4032-8b1f-bee8166ff6f9,株式会社オカダ�?2024-11-10,2922,T8011101004022,"[
  365854,
  98856,
  2922,
  2000,
  1144,
  1040,
  104,
  52,
  15
]",
01JNFBYHYEFM16BNDMPY5VPYR6,61b79418-aa3e-4032-8b1f-bee8166ff6f9,SHINJUKU�?Takashimaya,2024/11/24,13255,T5120001077467,"[
  784332,
  25301,
  13255,
  12255,
  12050,
  9000,
  5680,
  3000,
  1205,
  1000,
  50,
  27,
  1,
  0
]"
01JNFFZVD2TAEPT8JF32S1K6BP,61b79418-aa3e-4032-8b1f-bee8166ff6f9,kmグループ国際自動車㈱�?世田谷営業所,2024/12/20,5600,T7010901032448,"[
  5600,
  3288,
  1426,
  509,
  201
]"
01JNZ2M983B501VEF9AX75Y0J1,61b79418-aa3e-4032-8b1f-bee8166ff6f9,バクラクストア築地店,2024/7/1,550,T9010401140088,"[
  600,
  550,
  330,
  220,
  50
]"
01JNZ2M98HW6920352RPYJSX7N,61b79418-aa3e-4032-8b1f-bee8166ff6f9,バクラクストア築地店,2024/7/3,1420,T9010401140088,"[
  1500,
  1420,
  380,
  220,
  142,
  110,
  80
]"
01JNZ2M98Y6ESTV9FPX0GS66TT,61b79418-aa3e-4032-8b1f-bee8166ff6f9,バクラクストア築地店,2024/7/2,660,T9010401140088,"[
  1000,
  660,
  340,
  330,
  220,
  110,
  66
]"
01JNZ2M99CYAHRFF1QQYAJ949M,61b79418-aa3e-4032-8b1f-bee8166ff6f9,居酒屋バクラ�?,2024/7/3,40000,T9010401140088,"[
  40000,
  36364,
  3636
]"
01JNZ2M99TKPBCE5GH8N2M0XTV,61b79418-aa3e-4032-8b1f-bee8166ff6f9,ばくらく 日本橋本�?2024-07-01,16500,T9010401140088,"[
  16500,
  15000,
  1500
]",
01JP1SR1Z55K6BG8GHN80RWTGF,61b79418-aa3e-4032-8b1f-bee8166ff6f9,GO株式会社(,2024/8/1,2500,T2011501015896,"[
  790093,
  95236,
  10482,
  8721,
  4269,
  2900,
  2500,
  2000,
  979,
  854,
  769,
  575,
  560,
  543,
  264,
  227,
  182,
  99,
  38,
  33,
  8,
  7,
  6,
  5,
  4,
  4,
  3,
  2,
  1,
  0
]"
01JP1SR1Z53822QTJ3F5KRTM09,61b79418-aa3e-4032-8b1f-bee8166ff6f9,"フジタクシーグループ
",2024/7/20,2030,T9180002043938,"[
  100870,
  2030,
  2
]"
01JP1SR1Z58PSTHP2W5CTWMEPD,61b79418-aa3e-4032-8b1f-bee8166ff6f9,正和自動車株式会�?2024-07-26,1200,T6011801008340,"[
  2177,
  1200
]",
01JP1SR1Z52SMP58WB2ZG5RX3Y,61b79418-aa3e-4032-8b1f-bee8166ff6f9,福岡エムケイ株式会社,2024/7/19,1390,T5290001032447,"[
  1390,
  330,
  201,
  126,
  24,
  0
]"
01JP1SR1Z5QPGSJGTCME0G7QXF,61b79418-aa3e-4032-8b1f-bee8166ff6f9,"フジタクシーグループ
",2024/7/20,2030,T9180002043938,"[
  100870,
  2030,
  2
]"
01JP1SR1Z5Q8YD62KEEZAPK3BH,61b79418-aa3e-4032-8b1f-bee8166ff6f9,(�?クラウンタクシー,2024/5/18,1310,T2280001000184,"[
  1310
]"
01JP1SR1Z57VJT5KYNSEK0C31G,61b79418-aa3e-4032-8b1f-bee8166ff6f9,西日本旅客鉄道株式会�?2024-05-19,13060,T1120001059575,"[
  101203,
  13060,
  10,
  1
]",
01JP1SR1Z5SA7B4WG60KZA8E2P,61b79418-aa3e-4032-8b1f-bee8166ff6f9,近畿日本鉄道株式会社,2024/8/4,2680,T5120001183629,"[
  7336,
  2680,
  2436,
  98,
  55,
  9,
  4,
  2,
  1,
  0
]"
01JP1SR1Z5K4A4PCC8WJHZPNSV,61b79418-aa3e-4032-8b1f-bee8166ff6f9,東日本旅客鉄道株式会�?2021-02-23,3530,,"[
  100361,
  3530,
  4,
  1
]",
01JP1SR1Z58D35GZ05481BEP0J,61b79418-aa3e-4032-8b1f-bee8166ff6f9,SHINJUKU�?Takashimaya,2025/2/24,1641,T5120001077467,"[
  1641,
  1520,
  800,
  720,
  121,
  5,
  0
]"
01JP1SR1Z520E6YHB15A0TGNG5,61b79418-aa3e-4032-8b1f-bee8166ff6f9,"ew.note
",2025/2/24,5880,T3011001115295,"[
  5880,
  5830,
  5300,
  3600,
  1400,
  530,
  300,
  204,
  50,
  46,
  4,
  1
]"
01JP1SR1Z5K7AN01XBCF6W1YTD,61b79418-aa3e-4032-8b1f-bee8166ff6f9,Bio c'Bonビオセボン代々木上原�?2025-02-16,384,T5040001095717,"[
  43232,
  4949,
  384,
  356,
  198,
  158,
  28,
  1,
  0
]",
01JP1SR1Z5E0KNG1B2YHN22XSG,61b79418-aa3e-4032-8b1f-bee8166ff6f9,"COVERCHORD Nakameguro
",2025/1/26,22000,T5013201016882,"[
  22000,
  20000,
  2000,
  1,
  0
]"
01JP1SR1Z56Z196VHN7JCCJ3GX,61b79418-aa3e-4032-8b1f-bee8166ff6f9,FourSeasonsHotel,2019/2/1,80002,,"[
  80000,
  63241,
  23716,
  9486,
  7905,
  2884,
  81,
  28,
  3,
  2,
  1,
  0
]"
01JP1SR1Z5P5E8RJTKQ6VNQDSN,61b79418-aa3e-4032-8b1f-bee8166ff6f9,K月島もんじゃ もへ�?三軒茶屋,2025/1/10,9089,T8010001173258,"[
  9089,
  9039,
  2178,
  1980,
  1848,
  1408,
  826,
  660,
  605,
  330,
  300,
  110,
  3,
  2
]"
01JP1SR1Z55BKY4WJ9QF9J6SST,61b79418-aa3e-4032-8b1f-bee8166ff6f9,KAGARIBI,2024/12/20,11400,,"[
  11400,
  5000,
  4000,
  2500,
  2400,
  1200,
  1000,
  0
]"
01JP1SR1Z5A6R58FFKA5JCY1JA,61b79418-aa3e-4032-8b1f-bee8166ff6f9,"中部食祭 (新宿カブキha11)
",2025/1/12,5052,T6011101048194,"[
  11099,
  5052,
  1989,
  1099,
  989,
  769,
  459,
  41,
  11,
  5,
  1,
  0
]"
01JP1SR1Z5EJ7A5TH9MZR1CKC5,61b79418-aa3e-4032-8b1f-bee8166ff6f9,豚肉洋食倶楽�?イロハほぼ新宿のれん�?2025-02-13,11713,T2010001128936,"[
  11713,
  3297,
  1920,
  1485,
  1276,
  1099,
  1064,
  879,
  659,
  549,
  31,
  4,
  3,
  2,
  1,
  0
]",
01JP1SR1Z52H20MY47PM5PVGTR,61b79418-aa3e-4032-8b1f-bee8166ff6f9,"築地いなせや
",,8000,T1010001100284,"[
  8000,
  2545
]"
01JP1SR1Z50P00Q8RXEKM77EHP,61b79418-aa3e-4032-8b1f-bee8166ff6f9,"cafe 1930
",2025/1/12,5580,T9010601033281,"[
  5580,
  1930,
  990,
  700,
  507,
  400
]"
01JP1SR1Z5Y84167SP85E62NZH,61b79418-aa3e-4032-8b1f-bee8166ff6f9,南房総やまと寿司 館山本店,2024/12/6,32850,T6040001074257,"[
  32850,
  2986,
  2940,
  2650,
  2400,
  1760,
  1740,
  1720,
  1520,
  1320,
  1290,
  1160,
  1140,
  1060,
  1050,
  980,
  880,
  760,
  680,
  600,
  580,
  530,
  520,
  480,
  460,
  430,
  380,
  350,
  330,
  280,
  260,
  230,
  200,
  180,
  130,
  6,
  5,
  4,
  3,
  2
]"
01JP1SR1Z58F3HMCXC5ZQ9H9NB,61b79418-aa3e-4032-8b1f-bee8166ff6f9,水刺間恵比寿本店,2025/1/16,25575,T5011001151289,"[
  25575,
  23250,
  17400,
  5800,
  2325,
  1950,
  1300,
  650,
  3,
  2,
  1,
  0
]"
01JP1SR1Z5KT2NWVSAEPEPKRD8,61b79418-aa3e-4032-8b1f-bee8166ff6f9,Cocolo Kitchen KYOTO,2024/12/30,4600,T3130001059045,"[
  4600,
  1600,
  1500,
  800,
  340,
  65,
  30,
  0
]"
01JP1SR1Z510MHT5ZYCBVWZ3X4,61b79418-aa3e-4032-8b1f-bee8166ff6f9,メゾンドプティフール 本店,2024/11/21,1541,T7010802003449,"[
  1541,
  1501,
  702,
  691,
  115,
  111,
  108,
  40,
  4
]"
01JP1SR1Z5Z03ZDFSZHJTHV8ER,61b79418-aa3e-4032-8b1f-bee8166ff6f9,株式会社森ビルホスピタリティコーポレ,2025/1/1,5637,T8010401045627,"[
  6200,
  5637,
  2025,
  564,
  1
]"
01JP1SR1Z5R98KWP16G8DTX2PY,61b79418-aa3e-4032-8b1f-bee8166ff6f9,クラフトマン 五反田店,2024/11/24,14920,T8010701023860,"[
  14920,
  13563,
  1357,
  1
]"
01JP1SR1Z5ZMM2PVN8AW0303J6,61b79418-aa3e-4032-8b1f-bee8166ff6f9,販売 : 小山酒店,2024/4/1,4470,,"[
  4470,
  4384,
  3700,
  770,
  370,
  330,
  8,
  4
]"
01JP1SR1Z5YDCW4S2ZWQ4NG8QT,61b79418-aa3e-4032-8b1f-bee8166ff6f9,株式会社グラッシーズ,2025/1/9,3400,T4011001069788,"[
  3400,
  1700,
  252,
  2
]"
01JP1SR1Z57A3ZE1W3CT7JYPVW,61b79418-aa3e-4032-8b1f-bee8166ff6f9,コメダ珈琲�?赤坂一ツ木通り�?2025-01-13,3680,T8010401014755,"[
  5600,
  3680,
  1920,
  870,
  800,
  780,
  680,
  550,
  334,
  6,
  3
]",
01JP1SR1Z5DH1C6ZJG1PJSKST0,61b79418-aa3e-4032-8b1f-bee8166ff6f9,株式会社ノム�?2024-03-27,24750,T7020001126083,"[
  24750,
  22917,
  1833,
  0
]",
01JP1SR1Z564H1A6KEAZ8Y4GC2,61b79418-aa3e-4032-8b1f-bee8166ff6f9,セブ�?イレブン日本橋堀留町2丁目�?2024-05-15,198,T8010003016282,"[
  198,
  184,
  162,
  14,
  7,
  4,
  3,
  1
]",
01JP1SR1Z5PSYMZATQ29XEYCTP,61b79418-aa3e-4032-8b1f-bee8166ff6f9,★本日はご来店いただき誠にありが,2024/11/21,2360,,"[
  2360,
  1350,
  940,
  175,
  70,
  26,
  2,
  0
]"
01JP1SR1Z5KJQW1SEYS8E5B4X7,61b79418-aa3e-4032-8b1f-bee8166ff6f9,株式会社ノム�?2024-07-23,28050,T7020001126083,"[
  28050,
  25973,
  2077,
  0
]",
01JP1SR1Z55V128QR2SQ1P7RJA,61b79418-aa3e-4032-8b1f-bee8166ff6f9,エシレ・ラトリエ デュブール麻布台ヒルズ店,2025/1/23,1188,T7010401006794,"[
  1188,
  1100,
  600,
  500,
  88,
  1,
  0
]"
01JP1SR1Z4TKTVFT4H7KBRY95G,61b79418-aa3e-4032-8b1f-bee8166ff6f9,SOUEN,2025/1/25,792,T2010401131894,"[
  1583,
  891,
  792,
  791,
  692,
  58,
  0
]"
01JP1SR1Z5Q9XBQTBXDHFKSV6S,61b79418-aa3e-4032-8b1f-bee8166ff6f9,<haritts>,2024/12/21,1063,T1011001122657,"[
  1063,
  500,
  280,
  250,
  79,
  3
]"
01JP1SR1Z56NB6ZYG6GM7NRJQ2,61b79418-aa3e-4032-8b1f-bee8166ff6f9,亀戸ぎょうざ亀戸本�?2024-12-15,2750,,"[
  2750,
  5
]",
01JP1SR1Z54BK6QEJ40GDHVGSA,61b79418-aa3e-4032-8b1f-bee8166ff6f9,The Bellwood,2024/12/29,4199,T5010901041582,"[
  4199,
  4190,
  4172,
  2000,
  1900,
  381,
  272,
  86,
  27,
  9,
  0
]"
01JP1SR1Z5NB6NE7VB9R6R07KP,61b79418-aa3e-4032-8b1f-bee8166ff6f9,SETAN伊勢丹新宿本�?2024-11-10,1447,T4011101059648,"[
  62471,
  31066,
  4949,
  3352,
  2000,
  1447,
  1340,
  1111,
  1069,
  370,
  310,
  220,
  107,
  98,
  1
]",
01JP1SR1Z54A4SY6CZH3B9B944,61b79418-aa3e-4032-8b1f-bee8166ff6f9,御膳�?銀座店,2024/11/14,5350,T7010401919045,"[
  5350,
  486,
  36,
  11,
  6,
  0
]"
01JP1SR1Z5PH1HCMMSJPZQPHB0,61b79418-aa3e-4032-8b1f-bee8166ff6f9,鼎泰�?新宿高島屋店,2024/11/24,5430,T2010001060684,"[
  5430,
  1320,
  1290,
  1050,
  1020,
  750,
  493,
  6,
  2,
  1
]"
01JP1SR1Z5H40ESSZ9Q2S2ZHA5,61b79418-aa3e-4032-8b1f-bee8166ff6f9,PATH,2024/12/7,6270,T5011001108058,"[
  364899,
  49993,
  6270,
  3920,
  2017,
  1960,
  980,
  834,
  770,
  600,
  570,
  8,
  4,
  2,
  0
]"
01JP1SR1ZRP2Q52XVJYF8DTAAH,61b79418-aa3e-4032-8b1f-bee8166ff6f9,GO株式会社(,2024/8/1,2500,T2011501015896,"[
  790093,
  95236,
  10482,
  8721,
  4269,
  2900,
  2500,
  2000,
  979,
  854,
  769,
  575,
  560,
  543,
  264,
  227,
  182,
  99,
  38,
  33,
  8,
  7,
  6,
  5,
  4,
  4,
  3,
  2,
  1,
  0
]"
01JP1SR1ZRWJZ9B5Z4RGFT46GD,61b79418-aa3e-4032-8b1f-bee8166ff6f9,北星タクシー株式会社,2024/5/23,910,T4430001062785,"[
  606294,
  7659,
  3364,
  2000,
  910,
  805,
  12,
  10,
  1
]"
01JP1SR1ZR8X2WEGNQBPKCAK3N,61b79418-aa3e-4032-8b1f-bee8166ff6f9,和自動車株式会社,2024/10/24,900,T8011801009048,"[
  141630,
  900
]"
01JP1SR1ZR2N45BV7SPSG9W50Q,61b79418-aa3e-4032-8b1f-bee8166ff6f9,(�?クラウンタクシー,2024/5/18,1310,T2280001000184,"[
  1310
]"
01JP1SR1ZQGFMVC9043D0JQ9NR,61b79418-aa3e-4032-8b1f-bee8166ff6f9,合同会社南西交�?2024-04-28,1700,T9360003005134,"[
  1700
]",
01JP1SR1ZRZWV8R06X8W11ZDDF,61b79418-aa3e-4032-8b1f-bee8166ff6f9,Bio c'Bonビオセボン代々木上原�?2025-02-16,384,T5040001095717,"[
  43232,
  4949,
  384,
  356,
  198,
  158,
  28,
  1,
  0
]",
01JP1SR1ZRA28FBK6DK06DQ0DW,61b79418-aa3e-4032-8b1f-bee8166ff6f9,B) Takashimaya,2025/2/24,4843,T5120001077467,"[
  4843,
  4480,
  2280,
  2200,
  358,
  9,
  7,
  5,
  0
]"
01JP1SR1ZR9AXDX8HDM9TS29KR,61b79418-aa3e-4032-8b1f-bee8166ff6f9,事業者名:株式会社ルー�?2025-01-07,5900,T8010401092198,"[
  23055,
  5900,
  1600,
  1400,
  1300,
  536,
  4,
  1,
  0
]",
01JP1SR1ZQJRKD1STNXHA986R5,61b79418-aa3e-4032-8b1f-bee8166ff6f9,豚肉洋食倶楽�?イロハほぼ新宿のれん�?2025-02-13,11713,T2010001128936,"[
  11713,
  3297,
  1920,
  1485,
  1276,
  1099,
  1064,
  879,
  659,
  549,
  31,
  4,
  3,
  2,
  1,
  0
]",
01JP1SR1ZRDV5H93Q2XZPR16W9,61b79418-aa3e-4032-8b1f-bee8166ff6f9,株式会社クリアックス,2025/2/14,8350,T9013301013693,"[
  8350,
  8100,
  5503,
  4500,
  1650,
  900,
  736,
  550,
  505,
  250,
  250,
  5,
  1,
  0
]"
01JP1SR1ZQFCJPQKZAQ0ZEVTBN,61b79418-aa3e-4032-8b1f-bee8166ff6f9,事業者名:株式会社B級グルメ研究所,2025/2/23,580,T6011001090577,"[
  580,
  430,
  150,
  43,
  2,
  1,
  0
]"
01JP1SR1ZR1RDYB446EQZ53H4D,61b79418-aa3e-4032-8b1f-bee8166ff6f9,南房総やまと寿司 館山本店,2024/12/6,32850,T6040001074257,"[
  32850,
  2986,
  2940,
  2650,
  2400,
  1760,
  1740,
  1720,
  1520,
  1320,
  1290,
  1160,
  1140,
  1060,
  1050,
  980,
  880,
  760,
  680,
  600,
  580,
  530,
  520,
  480,
  460,
  430,
  380,
  350,
  330,
  280,
  260,
  230,
  200,
  180,
  130,
  6,
  5,
  4,
  3,
  2
]"
01JP1SR1ZQD46JK26VDMVY8WFF,61b79418-aa3e-4032-8b1f-bee8166ff6f9,水刺間恵比寿本店,2025/1/16,25575,T5011001151289,"[
  25575,
  23250,
  17400,
  5800,
  2325,
  1950,
  1300,
  650,
  3,
  2,
  1,
  0
]"
01JP1SR1ZRMDQBZAD3E1F6MCZ9,61b79418-aa3e-4032-8b1f-bee8166ff6f9,Cocolo Kitchen KYOTO,2024/12/30,4600,T3130001059045,"[
  4600,
  1600,
  1500,
  800,
  340,
  65,
  30,
  0
]"
01JP1SR1ZRHB1C9RZ3M9835TRB,61b79418-aa3e-4032-8b1f-bee8166ff6f9,メゾンドプティフール 本店,2024/11/21,1541,T7010802003449,"[
  1541,
  1501,
  702,
  691,
  115,
  111,
  108,
  40,
  4
]"
01JP1SR1ZR50J27NH24XN9MMNC,61b79418-aa3e-4032-8b1f-bee8166ff6f9,株式会社森ビルホスピタリティコーポレ,2025/1/1,5637,T8010401045627,"[
  6200,
  5637,
  2025,
  564,
  1
]"
01JP1SR1ZRYMXE67VT36HJX4GX,61b79418-aa3e-4032-8b1f-bee8166ff6f9,,2029/3/1,7600,T8010001139688,"[
  182302,
  7600,
  2500,
  1800,
  1563,
  900,
  691,
  6,
  5,
  2,
  1,
  0
]"
01JP1SR1ZRZ7BM6T5X9JG6CC0P,61b79418-aa3e-4032-8b1f-bee8166ff6f9,(�?ビックカメラ,2025/1/19,2328,T9013301010402,"[
  2328,
  1370,
  958,
  500,
  211,
  100,
  71,
  24,
  7,
  5,
  3,
  2,
  1,
  0
]"
01JP1SR1ZQAMPNEXWN3JFXX80F,61b79418-aa3e-4032-8b1f-bee8166ff6f9,株式会社グラッシーズ,2025/1/9,3400,T4011001069788,"[
  3400,
  1700,
  252,
  2
]"
01JP1SR1ZQSTSDRTXEZV00TJYV,61b79418-aa3e-4032-8b1f-bee8166ff6f9,販売 : お酒の専門�?2024-04-01,3998,,"[
  4384,
  3998,
  350,
  196,
  18,
  8,
  4,
  0
]",
01JP1SR1ZRP7R0T9P2515YE7SF,61b79418-aa3e-4032-8b1f-bee8166ff6f9,コメダ珈琲�?赤坂一ツ木通り�?2025-01-13,3680,T8010401014755,"[
  5600,
  3680,
  1920,
  870,
  800,
  780,
  680,
  550,
  334,
  6,
  3
]",
01JP1SR1ZRZPAJTJF6FX17CJ20,61b79418-aa3e-4032-8b1f-bee8166ff6f9,株式会社ノム�?2024-03-27,24750,T7020001126083,"[
  24750,
  22917,
  1833,
  0
]",
01JP1SR1ZRZPQKJM81M5N214H4,61b79418-aa3e-4032-8b1f-bee8166ff6f9,セブ�?イレブン日本橋堀留町2丁目�?2024-05-15,198,T8010003016282,"[
  198,
  184,
  162,
  14,
  7,
  4,
  3,
  1
]",
01JP1SR1ZRK7FQMJCTQCNGDS5C,61b79418-aa3e-4032-8b1f-bee8166ff6f9,顧客名大石陽,2024/7/23,8190,,"[
  142544,
  87435,
  8190,
  4490,
  3680,
  3463,
  2544,
  10,
  8,
  3,
  2,
  1,
  0
]"
01JP1SR1ZRMD32RMNBAGPZ9PH3,61b79418-aa3e-4032-8b1f-bee8166ff6f9,株式会社ノム�?2024-07-23,28050,T7020001126083,"[
  28050,
  25973,
  2077,
  0
]",
01JP1SR1ZR80TBBWYZNRGPMC8D,61b79418-aa3e-4032-8b1f-bee8166ff6f9,亀戸ホルモン本�?2024-12-15,8730,,"[
  10000,
  8730,
  1700,
  1680,
  1270,
  880,
  850,
  794,
  650,
  550,
  400,
  270,
  220,
  2
]",
01JP1SR1ZRQXGR704SRD41Q9A1,61b79418-aa3e-4032-8b1f-bee8166ff6f9,事業者名:株式会社ルー�?2024-12-09,6500,T8010401092198,"[
  6500,
  5909,
  2600,
  1300,
  591,
  5,
  2,
  1,
  0
]",
01JP1SR1ZRN2ZVCJZ4QDYA70J8,61b79418-aa3e-4032-8b1f-bee8166ff6f9,PATH,2024/12/7,6270,T5011001108058,"[
  364899,
  49993,
  6270,
  3920,
  2017,
  1960,
  980,
  834,
  770,
  600,
  570,
  8,
  4,
  2,
  0
]"
01JP1SR1ZRYBV8K85S6FSYY113,61b79418-aa3e-4032-8b1f-bee8166ff6f9,株式会社オカダ�?2024-11-10,2922,T8011101004022,"[
  365854,
  98856,
  2922,
  2000,
  1144,
  1040,
  104,
  52,
  15
]",
01JP1SR1ZRFRGC42XSAFB5HTSP,61b79418-aa3e-4032-8b1f-bee8166ff6f9,バクラクストア築地店,2024/7/1,550,T9010401140088,"[
  600,
  550,
  330,
  220,
  50
]"
01JP1SR1ZR6HN6N19ZF2RBD6MG,61b79418-aa3e-4032-8b1f-bee8166ff6f9,バクラクストア築地店,2024/7/3,1420,T9010401140088,"[
  1500,
  1420,
  380,
  220,
  142,
  110,
  80
]"
01JP1SR1ZRW7NAK1VBHQ6YFCH0,61b79418-aa3e-4032-8b1f-bee8166ff6f9,バクラクストア築地店,2024/7/2,660,T9010401140088,"[
  1000,
  660,
  340,
  330,
  220,
  110,
  66
]"
01JP1SR1ZRNVDPHM7347Y2ZFG3,61b79418-aa3e-4032-8b1f-bee8166ff6f9,居酒屋バクラ�?,2024/7/3,40000,T9010401140088,"[
  40000,
  36364,
  3636
]"
01JP1SR1ZRNT4KBJYCTADZ8A6B,61b79418-aa3e-4032-8b1f-bee8166ff6f9,ばくらく 日本橋本�?2024-07-01,16500,T9010401140088,"[
  16500,
  15000,
  1500
]",
01JP1SR1ZRHH1V5YA3YTYNDAYT,61b79418-aa3e-4032-8b1f-bee8166ff6f9,東日本旅客鉄道株式会�?2021-02-23,3530,,"[
  100361,
  3530,
  4,
  1
]",
01JP1SR1ZR4DZQMJRG9N00WAQB,61b79418-aa3e-4032-8b1f-bee8166ff6f9,"中部食祭 (新宿カブキha11)
",2025/1/12,5052,T6011101048194,"[
  11099,
  5052,
  1989,
  1099,
  989,
  769,
  459,
  41,
  11,
  5,
  1,
  0
]"
01JP1SR1ZRGHR4GD4ASRD0P87G,61b79418-aa3e-4032-8b1f-bee8166ff6f9,"築地いなせや
",,8000,T1010001100284,"[
  8000,
  2545
]"
01JP1SR1ZRKB66B50X172B4DNM,61b79418-aa3e-4032-8b1f-bee8166ff6f9,"cafe 1930
",2025/1/12,5580,T9010601033281,"[
  5580,
  1930,
  990,
  700,
  507,
  400
]"
01JP1SR1ZQ4MNQ83WE8N7AKRKK,61b79418-aa3e-4032-8b1f-bee8166ff6f9,Cocolo Kitchen KYOTO,2024/12/30,4600,T3130001059045,"[
  4600,
  1600,
  1500,
  800,
  340,
  65,
  30,
  0
]"
01JP1SR1ZRXB3KTEMVK8N5S3Y1,61b79418-aa3e-4032-8b1f-bee8166ff6f9,メゾンドプティフール 本店,2024/11/21,1541,T7010802003449,"[
  1541,
  1501,
  702,
  691,
  115,
  111,
  108,
  40,
  4
]"
01JP1SR1ZRDR7EJJXTFDD4RE5K,61b79418-aa3e-4032-8b1f-bee8166ff6f9,株式会社森ビルホスピタリティコーポレ,2025/1/1,5637,T8010401045627,"[
  6200,
  5637,
  2025,
  564,
  1
]"
01JP1SR1ZREANCGZ8JMVGHH2M4,61b79418-aa3e-4032-8b1f-bee8166ff6f9,株式会社ノム�?2024-03-27,24750,T7020001126083,"[
  24750,
  22917,
  1833,
  0
]",
01JP1SR1ZQ44A22819184MFE47,61b79418-aa3e-4032-8b1f-bee8166ff6f9,SOUEN,2025/1/25,792,T2010401131894,"[
  1583,
  891,
  792,
  791,
  692,
  58,
  0
]"
01JP1SR1ZR2H65G9GM9E7VCTYC,61b79418-aa3e-4032-8b1f-bee8166ff6f9,亀戸ぎょうざ亀戸本�?2024-12-15,2750,,"[
  2750,
  5
]",
01JP1SR1ZQYEE9HCGCM7K7AFDJ,61b79418-aa3e-4032-8b1f-bee8166ff6f9,鼎泰�?新宿高島屋店,2024/11/24,5430,T2010001060684,"[
  5430,
  1320,
  1290,
  1050,
  1020,
  750,
  493,
  6,
  2,
  1
]"
01JP1SR20HRSHX2692E99NGD4Y,61b79418-aa3e-4032-8b1f-bee8166ff6f9,沖縄台所 くわっち一�?,2023/1/17,2900,,"[
  2900
]"
01JP1SR20H33Y1740VJNGH9GAQ,61b79418-aa3e-4032-8b1f-bee8166ff6f9,Bio c'Bonビオセボン代々木上原�?2025-02-16,384,T5040001095717,"[
  43232,
  4949,
  384,
  356,
  198,
  158,
  28,
  1,
  0
]",
01JP1SR20JYD4SNE2193MQY21Z,61b79418-aa3e-4032-8b1f-bee8166ff6f9,B) Takashimaya,2025/2/24,4843,T5120001077467,"[
  4843,
  4480,
  2280,
  2200,
  358,
  9,
  7,
  5,
  0
]"
01JP1SR20JGHCBX6ZT0VRWANQF,61b79418-aa3e-4032-8b1f-bee8166ff6f9,シンガポール�?小籠包と餃子専門�?2024-12-11,16340,T9010101001904,"[
  16340,
  3200,
  1800,
  1486,
  1200,
  990,
  980,
  850,
  720,
  640,
  600,
  530,
  380,
  19,
  5,
  4,
  3,
  2,
  1,
  0
]",
01JP1SR20JX8TTQCWQQRY13EF7,61b79418-aa3e-4032-8b1f-bee8166ff6f9,当店,2025/1/12,13658,,"[
  13658,
  3850,
  2768,
  2640,
  1528,
  1440,
  1242,
  880,
  550,
  102,
  7,
  2,
  1,
  0
]"
01JP1SR20J26NJ4HJCXAWTF33F,61b79418-aa3e-4032-8b1f-bee8166ff6f9,"中部食祭 (新宿カブキha11)
",2025/1/12,5052,T6011101048194,"[
  11099,
  5052,
  1989,
  1099,
  989,
  769,
  459,
  41,
  11,
  5,
  1,
  0
]"
01JP1SR20JCXXC1RMF6VVQAVD0,61b79418-aa3e-4032-8b1f-bee8166ff6f9,豚肉洋食倶楽�?イロハほぼ新宿のれん�?2025-02-13,11713,T2010001128936,"[
  11713,
  3297,
  1920,
  1485,
  1276,
  1099,
  1064,
  879,
  659,
  549,
  31,
  4,
  3,
  2,
  1,
  0
]",
01JP1SR20JSADTDFJPPRA2MW70,61b79418-aa3e-4032-8b1f-bee8166ff6f9,"築地いなせや
",,8000,T1010001100284,"[
  8000,
  2545
]"
01JP1SR20J82NDFSSTSER2HWC6,61b79418-aa3e-4032-8b1f-bee8166ff6f9,日の丸サンズ株式会社,2024/11/17,642,T6010001006659,"[
  642,
  378,
  189,
  146,
  118,
  47,
  2,
  1
]"
01JP1SR20HGK211V1Q1YJ9BSTW,61b79418-aa3e-4032-8b1f-bee8166ff6f9,JR東日�?2024-12-06,1296,T3011101042662,"[
  5987,
  3452,
  2130,
  1718,
  1296,
  1230,
  820,
  410,
  97,
  91,
  66,
  33,
  12,
  6,
  2,
  1
]",
01JP1SR20JTBJGPZP6J2HXSNT6,61b79418-aa3e-4032-8b1f-bee8166ff6f9,水刺間恵比寿本店,2025/1/16,25575,T5011001151289,"[
  25575,
  23250,
  17400,
  5800,
  2325,
  1950,
  1300,
  650,
  3,
  2,
  1,
  0
]"
01JP1SR20J93NG4Y0YPYVTS6SP,61b79418-aa3e-4032-8b1f-bee8166ff6f9,フォーミ�?2024-01-03,5440,T7020003019616,"[
  5440,
  2040,
  1950,
  1900,
  1020,
  750,
  2,
  0
]",
01JP1SR20HWSBKF7CB06CGSD07,61b79418-aa3e-4032-8b1f-bee8166ff6f9,株式会社SNOWBALL,2025/1/11,1810,T3010401150489,"[
  1810,
  165,
  0
]"
01JP1SR20HBNAAW7XBTE70BBDQ,61b79418-aa3e-4032-8b1f-bee8166ff6f9,株式会社グラッシーズ,2025/1/9,3400,T4011001069788,"[
  3400,
  1700,
  252,
  2
]"
01JP1SR20HD7TNR8TAAF2W9SF4,61b79418-aa3e-4032-8b1f-bee8166ff6f9,コメダ珈琲�?赤坂一ツ木通り�?2025-01-13,3680,T8010401014755,"[
  5600,
  3680,
  1920,
  870,
  800,
  780,
  680,
  550,
  334,
  6,
  3
]",
01JP1SR20JD0J9RP9Z2Y849GD1,61b79418-aa3e-4032-8b1f-bee8166ff6f9,アマゾンジャパン合同会社,2024/4/1,2166,,"[
  4384,
  2166,
  350,
  12,
  8,
  6,
  4,
  0
]"
01JP1SR20H2E2X9SNP6ZXRXABP,61b79418-aa3e-4032-8b1f-bee8166ff6f9,�?2024-12-28,1340,T5010801008608,"[
  9079,
  7997,
  3720,
  1340,
  720,
  400,
  220,
  120,
  110,
  100,
  99,
  12,
  6,
  4,
  2
]",
01JP1SR20HHCF6THV1ZJB66AT1,61b79418-aa3e-4032-8b1f-bee8166ff6f9,東京餃子楼三軒茶屋本�?2024-12-08,1672,,"[
  1672,
  550,
  484,
  385,
  253,
  152,
  1
]",
01JP1SR20JY9G0NQKSYPBA4R4R,61b79418-aa3e-4032-8b1f-bee8166ff6f9,kmグループ国際自動車㈱�?世田谷営業所,2024/12/20,5600,T7010901032448,"[
  5600,
  3288,
  1426,
  509,
  201
]"
01JP1SR20J4CT7101GSAJHYVZK,61b79418-aa3e-4032-8b1f-bee8166ff6f9,バクラクストア築地店,2024/7/1,550,T9010401140088,"[
  600,
  550,
  330,
  220,
  50
]"
01JP1SR20J8CAEW6EGFFXGJB59,61b79418-aa3e-4032-8b1f-bee8166ff6f9,バクラクストア築地店,2024/7/3,1420,T9010401140088,"[
  1500,
  1420,
  380,
  220,
  142,
  110,
  80
]"
01JP1SR20JRN6F83ZVTRTBTVWG,61b79418-aa3e-4032-8b1f-bee8166ff6f9,バクラクストア築地店,2024/7/2,660,T9010401140088,"[
  1000,
  660,
  340,
  330,
  220,
  110,
  66
]"
01JP1SR20JHV6EX8SR7E5G9HEA,61b79418-aa3e-4032-8b1f-bee8166ff6f9,居酒屋バクラ�?,2024/7/3,40000,T9010401140088,"[
  40000,
  36364,
  3636
]"
01JP1SR20H1F0EPPXED4WW4DY7,61b79418-aa3e-4032-8b1f-bee8166ff6f9,ばくらく 日本橋本�?2024-07-01,16500,T9010401140088,"[
  16500,
  15000,
  1500
]",
01JP1SR20JG7D16N90F82ZE6PR,61b79418-aa3e-4032-8b1f-bee8166ff6f9,GO株式会社(,2024/8/1,2500,T2011501015896,"[
  790093,
  95236,
  10482,
  8721,
  4269,
  2900,
  2500,
  2000,
  979,
  854,
  769,
  575,
  560,
  543,
  264,
  227,
  182,
  99,
  38,
  33,
  8,
  7,
  6,
  5,
  4,
  4,
  3,
  2,
  1,
  0
]"
01JP1SR20JPF4QYPW1WRMVEKSZ,61b79418-aa3e-4032-8b1f-bee8166ff6f9,近畿日本鉄道株式会社,2024/8/4,2680,T5120001183629,"[
  7336,
  2680,
  2436,
  98,
  55,
  9,
  4,
  2,
  1,
  0
]"
01JP1SR20JDP6AKZZP8FT73XJB,61b79418-aa3e-4032-8b1f-bee8166ff6f9,"ew.note
",2025/2/24,5880,T3011001115295,"[
  5880,
  5830,
  5300,
  3600,
  1400,
  530,
  300,
  204,
  50,
  46,
  4,
  1
]"
01JP1SR20H05MZ7PBMENN7NGYP,61b79418-aa3e-4032-8b1f-bee8166ff6f9,Bio c'Bonビオセボン代々木上原�?2025-02-16,384,T5040001095717,"[
  43232,
  4949,
  384,
  356,
  198,
  158,
  28,
  1,
  0
]",
01JP1SR20HMPNF6S4BB2T4TX1K,61b79418-aa3e-4032-8b1f-bee8166ff6f9,K月島もんじゃ もへ�?三軒茶屋,2025/1/10,9089,T8010001173258,"[
  9089,
  9039,
  2178,
  1980,
  1848,
  1408,
  826,
  660,
  605,
  330,
  300,
  110,
  3,
  2
]"
01JP1SR20J2NA25FSH4MSGKWQW,61b79418-aa3e-4032-8b1f-bee8166ff6f9,"中部食祭 (新宿カブキha11)
",2025/1/12,5052,T6011101048194,"[
  11099,
  5052,
  1989,
  1099,
  989,
  769,
  459,
  41,
  11,
  5,
  1,
  0
]"
01JP1SR20JMC0X01VQHPEKNZ5X,61b79418-aa3e-4032-8b1f-bee8166ff6f9,株式会社グラッシーズ,2025/1/9,3400,T4011001069788,"[
  3400,
  1700,
  252,
  2
]"
01JP1SR20J5TFDSR94SE2CFSAH,61b79418-aa3e-4032-8b1f-bee8166ff6f9,コメダ珈琲�?赤坂一ツ木通り�?2025-01-13,3680,T8010401014755,"[
  5600,
  3680,
  1920,
  870,
  800,
  780,
  680,
  550,
  334,
  6,
  3
]",
01JP1SR20JEMEHY6EX2DKK1GQ8,61b79418-aa3e-4032-8b1f-bee8166ff6f9,亀戸ぎょうざ亀戸本�?2024-12-15,2750,,"[
  2750,
  5
]",
01JP1SR20JBWXSTGWXMVNWY1D3,61b79418-aa3e-4032-8b1f-bee8166ff6f9,御膳�?銀座店,2024/11/14,5350,T7010401919045,"[
  5350,
  486,
  36,
  11,
  6,
  0
]"
01JP1SR20HN6AGS57YTZ22RQQS,61b79418-aa3e-4032-8b1f-bee8166ff6f9,北星タクシー株式会社,2024/5/23,910,T4430001062785,"[
  606294,
  7659,
  3364,
  2000,
  910,
  805,
  12,
  10,
  1
]"
01JP1SR20JSHQHWWRJ5WZA1GZJ,61b79418-aa3e-4032-8b1f-bee8166ff6f9,和自動車株式会社,2024/10/24,900,T8011801009048,"[
  141630,
  900
]"
01JP1SR20H6C5QH9DJGNVKX36C,61b79418-aa3e-4032-8b1f-bee8166ff6f9,B) Takashimaya,2025/2/24,4843,T5120001077467,"[
  4843,
  4480,
  2280,
  2200,
  358,
  9,
  7,
  5,
  0
]"
01JP1SR20H1ANJWRTC49775QN1,61b79418-aa3e-4032-8b1f-bee8166ff6f9,株式会社クリアックス,2025/2/14,8350,T9013301013693,"[
  8350,
  8100,
  5503,
  4500,
  1650,
  900,
  736,
  550,
  505,
  250,
  250,
  5,
  1,
  0
]"
01JP1SR20H4R082S92DXC219FS,61b79418-aa3e-4032-8b1f-bee8166ff6f9,水刺間恵比寿本店,2025/1/16,25575,T5011001151289,"[
  25575,
  23250,
  17400,
  5800,
  2325,
  1950,
  1300,
  650,
  3,
  2,
  1,
  0
]"
01JP1SR20J98W6YS2PN90YWVPA,61b79418-aa3e-4032-8b1f-bee8166ff6f9,メゾンドプティフール 本店,2024/11/21,1541,T7010802003449,"[
  1541,
  1501,
  702,
  691,
  115,
  111,
  108,
  40,
  4
]"
01JP1SR20HVPFKZK1BENTAJMF7,61b79418-aa3e-4032-8b1f-bee8166ff6f9,,2029/3/1,7600,T8010001139688,"[
  182302,
  7600,
  2500,
  1800,
  1563,
  900,
  691,
  6,
  5,
  2,
  1,
  0
]"
01JP1SR20JDRNJ18KBGR4174FX,61b79418-aa3e-4032-8b1f-bee8166ff6f9,販売 : お酒の専門�?2024-04-01,3998,,"[
  4384,
  3998,
  350,
  196,
  18,
  8,
  4,
  0
]",
01JP1SR20HB9HMJZQTVKAG4V9G,61b79418-aa3e-4032-8b1f-bee8166ff6f9,セブ�?イレブン日本橋堀留町2丁目�?2024-05-15,198,T8010003016282,"[
  198,
  184,
  162,
  14,
  7,
  4,
  3,
  1
]",
01JP1SR20JZ42CCV10MXBEGN2M,61b79418-aa3e-4032-8b1f-bee8166ff6f9,顧客名大石陽,2024/7/23,8190,,"[
  142544,
  87435,
  8190,
  4490,
  3680,
  3463,
  2544,
  10,
  8,
  3,
  2,
  1,
  0
]"
01JP1SR20J6ZR0T76459XCE5J9,61b79418-aa3e-4032-8b1f-bee8166ff6f9,亀戸ホルモン本�?2024-12-15,8730,,"[
  10000,
  8730,
  1700,
  1680,
  1270,
  880,
  850,
  794,
  650,
  550,
  400,
  270,
  220,
  2
]",
01JP1SR20H2S9R1JCPEPD6CC3A,61b79418-aa3e-4032-8b1f-bee8166ff6f9,PATH,2024/12/7,6270,T5011001108058,"[
  364899,
  49993,
  6270,
  3920,
  2017,
  1960,
  980,
  834,
  770,
  600,
  570,
  8,
  4,
  2,
  0
]"
01JP1SR20H8FKP5GDFG13Z6097,61b79418-aa3e-4032-8b1f-bee8166ff6f9,バクラクストア築地店,2024/7/1,550,T9010401140088,"[
  600,
  550,
  330,
  220,
  50
]"
01JP1SR20HZ8NT6E75A0QHEXHS,61b79418-aa3e-4032-8b1f-bee8166ff6f9,バクラクストア築地店,2024/7/3,1420,T9010401140088,"[
  1500,
  1420,
  380,
  220,
  142,
  110,
  80
]"
01JP1SR20HQWV1GWXTRDE8VMEV,61b79418-aa3e-4032-8b1f-bee8166ff6f9,バクラクストア築地店,2024/7/2,660,T9010401140088,"[
  1000,
  660,
  340,
  330,
  220,
  110,
  66
]"
01JP1SR20HE1D2JXQS7RAQGDB2,61b79418-aa3e-4032-8b1f-bee8166ff6f9,居酒屋バクラ�?,2024/7/3,40000,T9010401140088,"[
  40000,
  36364,
  3636
]"
01JP1SR20HNJJV70M6W8TDSJJ8,61b79418-aa3e-4032-8b1f-bee8166ff6f9,ばくらく 日本橋本�?2024-07-01,16500,T9010401140088,"[
  16500,
  15000,
  1500
]",
01JP1SR20JHH7C9654126Q475G,61b79418-aa3e-4032-8b1f-bee8166ff6f9,株式会社森ビルホスピタリティコーポレ,2025/1/1,5637,T8010401045627,"[
  6200,
  5637,
  2025,
  564,
  1
]"
01JP1SR21P2MA6HJ0B7NC47W71,61b79418-aa3e-4032-8b1f-bee8166ff6f9,大和自動車交通江�?�?,2024/5/31,1400,T7010601045948,"[
  1400
]"
01JP1SR21PSQ85M45AK4W6N0PN,61b79418-aa3e-4032-8b1f-bee8166ff6f9,西日本旅客鉄道株式会�?2024-05-19,13060,T1120001059575,"[
  101203,
  13060,
  10,
  1
]",
01JP1SR21P4SA1F5J8EP367ASJ,61b79418-aa3e-4032-8b1f-bee8166ff6f9,"COVERCHORD Nakameguro
",2025/1/26,22000,T5013201016882,"[
  22000,
  20000,
  2000,
  1,
  0
]"
01JP1SR21P1GSJ6C9FTCTYW1Q4,61b79418-aa3e-4032-8b1f-bee8166ff6f9,大衆食堂 みゆ�?2025-02-13,19620,T5020001071579,"[
  19620,
  2760,
  1784,
  1440,
  1260,
  1160,
  980,
  960,
  950,
  720,
  630,
  600,
  590,
  580,
  570,
  500,
  490,
  460,
  380,
  360,
  340,
  290,
  240,
  220,
  200,
  190,
  51,
  4,
  3,
  2,
  0
]",
01JP1SR21PM4B16P5D4Y0YPENS,61b79418-aa3e-4032-8b1f-bee8166ff6f9,JR東日�?2024-12-06,1296,T3011101042662,"[
  5987,
  3452,
  2130,
  1718,
  1296,
  1230,
  820,
  410,
  97,
  91,
  66,
  33,
  12,
  6,
  2,
  1
]",
01JP1SR21PEADTDGV6WAR283EM,61b79418-aa3e-4032-8b1f-bee8166ff6f9,Cocolo Kitchen KYOTO,2024/12/30,4600,T3130001059045,"[
  4600,
  1600,
  1500,
  800,
  340,
  65,
  30,
  0
]"
01JP1SR21P9N10VDWN9R1YS4WY,61b79418-aa3e-4032-8b1f-bee8166ff6f9,株式会社森ビルホスピタリティコーポレ,2025/1/1,5637,T8010401045627,"[
  6200,
  5637,
  2025,
  564,
  1
]"
01JP1SR21P9CKXP9320JEVG0K9,61b79418-aa3e-4032-8b1f-bee8166ff6f9,,2029/3/1,7600,T8010001139688,"[
  182302,
  7600,
  2500,
  1800,
  1563,
  900,
  691,
  6,
  5,
  2,
  1,
  0
]"
01JP1SR21PDF6Y0RQH5MC1ZR8R,61b79418-aa3e-4032-8b1f-bee8166ff6f9,(�?ビックカメラ,2025/1/19,2328,T9013301010402,"[
  2328,
  1370,
  958,
  500,
  211,
  100,
  71,
  24,
  7,
  5,
  3,
  2,
  1,
  0
]"
01JP1SR21N5M5C3DBR1710H2EX,61b79418-aa3e-4032-8b1f-bee8166ff6f9,★本日はご来店いただき誠にありが,2024/11/21,2360,,"[
  2360,
  1350,
  940,
  175,
  70,
  26,
  2,
  0
]"
01JP1SR21P1YDRP8C6NH2WYQ5E,61b79418-aa3e-4032-8b1f-bee8166ff6f9,�?2024-12-28,1340,T5010801008608,"[
  9079,
  7997,
  3720,
  1340,
  720,
  400,
  220,
  120,
  110,
  100,
  99,
  12,
  6,
  4,
  2
]",
01JP1SR21PT5MX07E80DARTTCA,61b79418-aa3e-4032-8b1f-bee8166ff6f9,エシレ・ラトリエ デュブール麻布台ヒルズ店,2025/1/23,1188,T7010401006794,"[
  1188,
  1100,
  600,
  500,
  88,
  1,
  0
]"
01JP1SR21PN7YK1MBAXW6TJR0S,61b79418-aa3e-4032-8b1f-bee8166ff6f9,<haritts>,2024/12/21,1063,T1011001122657,"[
  1063,
  500,
  280,
  250,
  79,
  3
]"
01JP1SR21P203DAGQ3BWMW0S0H,61b79418-aa3e-4032-8b1f-bee8166ff6f9,亀戸ぎょうざ亀戸本�?2024-12-15,2750,,"[
  2750,
  5
]",
01JP1SR21PKRR80BBDZ69JGPVA,61b79418-aa3e-4032-8b1f-bee8166ff6f9,ミッドダイニング,2024/12/7,4980,T3011001007691,"[
  4980,
  2000,
  1380,
  800,
  452,
  55,
  7,
  0
]"
01JP1SR21PA5F6K3FTNBPG571H,61b79418-aa3e-4032-8b1f-bee8166ff6f9,事業者名:株式会社ルー�?2024-12-09,6500,T8010401092198,"[
  6500,
  5909,
  2600,
  1300,
  591,
  5,
  2,
  1,
  0
]",
01JP1SR21PN1Q4GP9TKKEHQWHV,61b79418-aa3e-4032-8b1f-bee8166ff6f9,SAKE SHOP 福光�?玉川�?2024-11-26,2200,T7220001011356,"[
  2200,
  2000,
  200,
  4,
  1,
  0
]",
01JP1SR21PEEMW5G2ECT7JG2ES,61b79418-aa3e-4032-8b1f-bee8166ff6f9,SETAN伊勢丹新宿本�?2024-11-10,1447,T4011101059648,"[
  62471,
  31066,
  4949,
  3352,
  2000,
  1447,
  1340,
  1111,
  1069,
  370,
  310,
  220,
  107,
  98,
  1
]",
01JP1SR21P9SB37B9PQMTYKFMC,61b79418-aa3e-4032-8b1f-bee8166ff6f9,株式会社オカダ�?2024-11-10,2922,T8011101004022,"[
  365854,
  98856,
  2922,
  2000,
  1144,
  1040,
  104,
  52,
  15
]",
01JP1SR21PJDCQB80H3D2H69RG,61b79418-aa3e-4032-8b1f-bee8166ff6f9,SHINJUKU�?Takashimaya,2024/11/24,13255,T5120001077467,"[
  784332,
  25301,
  13255,
  12255,
  12050,
  9000,
  5680,
  3000,
  1205,
  1000,
  50,
  27,
  1,
  0
]"
01JP1SR21PT32PAMX317E0KPZE,61b79418-aa3e-4032-8b1f-bee8166ff6f9,正和自動車株式会�?2024-07-26,1200,T6011801008340,"[
  2177,
  1200
]",
01JP1SR21PENMKWRQ92SE02GT8,61b79418-aa3e-4032-8b1f-bee8166ff6f9,(�?クラウンタクシー,2024/5/18,1310,T2280001000184,"[
  1310
]"
01JP1SR21P47G04H8VM67BYTY7,61b79418-aa3e-4032-8b1f-bee8166ff6f9,K月島もんじゃ もへ�?三軒茶屋,2025/1/10,9089,T8010001173258,"[
  9089,
  9039,
  2178,
  1980,
  1848,
  1408,
  826,
  660,
  605,
  330,
  300,
  110,
  3,
  2
]"
01JP1SR21PBVVTX7XERRX615QV,61b79418-aa3e-4032-8b1f-bee8166ff6f9,KAGARIBI,2024/12/20,11400,,"[
  11400,
  5000,
  4000,
  2500,
  2400,
  1200,
  1000,
  0
]"
01JP1SR21PKSA3PCMJPRHS0RWJ,61b79418-aa3e-4032-8b1f-bee8166ff6f9,販売 : 小山酒店,2024/4/1,4470,,"[
  4470,
  4384,
  3700,
  770,
  370,
  330,
  8,
  4
]"
01JP1SR21P6B4Z5PT6VF1VC5YT,61b79418-aa3e-4032-8b1f-bee8166ff6f9,株式会社グラッシーズ,2025/1/9,3400,T4011001069788,"[
  3400,
  1700,
  252,
  2
]"
01JP1SR21PT7H5T3V4W1NB5NPE,61b79418-aa3e-4032-8b1f-bee8166ff6f9,セブ�?イレブン日本橋堀留町2丁目�?2024-05-15,198,T8010003016282,"[
  198,
  184,
  162,
  14,
  7,
  4,
  3,
  1
]",
01JP1SR21PJY397YFMSGKD84M0,61b79418-aa3e-4032-8b1f-bee8166ff6f9,SETAN伊勢丹新宿本�?2024-11-10,1447,T4011101059648,"[
  62471,
  31066,
  4949,
  3352,
  2000,
  1447,
  1340,
  1111,
  1069,
  370,
  310,
  220,
  107,
  98,
  1
]",
01JP1SR21P00RS6FEE2AJC208K,61b79418-aa3e-4032-8b1f-bee8166ff6f9,合同会社南西交�?2024-04-28,1700,T9360003005134,"[
  1700
]",
01JP1SR21P1AZ7B7Y0ZV6M535S,61b79418-aa3e-4032-8b1f-bee8166ff6f9,株式会社クリアックス,2025/2/14,8350,T9013301013693,"[
  8350,
  8100,
  5503,
  4500,
  1650,
  900,
  736,
  550,
  505,
  250,
  250,
  5,
  1,
  0
]"
01JP1SR21N7H8AGA63KSV16BA4,61b79418-aa3e-4032-8b1f-bee8166ff6f9,Cocolo Kitchen KYOTO,2024/12/30,4600,T3130001059045,"[
  4600,
  1600,
  1500,
  800,
  340,
  65,
  30,
  0
]"
01JP1SR21P1BG806FP9A64AT3A,61b79418-aa3e-4032-8b1f-bee8166ff6f9,(�?ビックカメラ,2025/1/19,2328,T9013301010402,"[
  2328,
  1370,
  958,
  500,
  211,
  100,
  71,
  24,
  7,
  5,
  3,
  2,
  1,
  0
]"
01JP1SR21PXZ8BG1DBW1F7JQHE,61b79418-aa3e-4032-8b1f-bee8166ff6f9,Bio c'Bonビオセボン代々木上原�?2025-02-16,384,T5040001095717,"[
  43232,
  4949,
  384,
  356,
  198,
  158,
  28,
  1,
  0
]",
01JP1SR21PWQMG4S3FPE2M1BHK,61b79418-aa3e-4032-8b1f-bee8166ff6f9,日の丸サンズ株式会社,2024/11/17,642,T6010001006659,"[
  642,
  378,
  189,
  146,
  118,
  47,
  2,
  1
]"
01JP1SR21PYXSTJF37STJN1771,61b79418-aa3e-4032-8b1f-bee8166ff6f9,水刺間恵比寿本店,2025/1/16,25575,T5011001151289,"[
  25575,
  23250,
  17400,
  5800,
  2325,
  1950,
  1300,
  650,
  3,
  2,
  1,
  0
]"
01JP1SR21PHBQHPPW3ABS5B1CV,61b79418-aa3e-4032-8b1f-bee8166ff6f9,フォーミ�?2024-01-03,5440,T7020003019616,"[
  5440,
  2040,
  1950,
  1900,
  1020,
  750,
  2,
  0
]",
01JP1SR21PNK06ASMJJ5CBHTH6,61b79418-aa3e-4032-8b1f-bee8166ff6f9,コメダ珈琲�?赤坂一ツ木通り�?2025-01-13,3680,T8010401014755,"[
  5600,
  3680,
  1920,
  870,
  800,
  780,
  680,
  550,
  334,
  6,
  3
]",
01JP1SR21P8BYJT733DDMTFNZX,61b79418-aa3e-4032-8b1f-bee8166ff6f9,セブ�?イレブン日本橋堀留町2丁目�?2024-05-15,198,T8010003016282,"[
  198,
  184,
  162,
  14,
  7,
  4,
  3,
  1
]",
01JP1SR21PP1C0NCGE83J6HQJ0,61b79418-aa3e-4032-8b1f-bee8166ff6f9,亀戸ホルモン本�?2024-12-15,8730,,"[
  10000,
  8730,
  1700,
  1680,
  1270,
  880,
  850,
  794,
  650,
  550,
  400,
  270,
  220,
  2
]",
01JP1SR21PEKH3A4GVVDMZKX2K,61b79418-aa3e-4032-8b1f-bee8166ff6f9,株式会社森ビルホスピタリティコーポレ,2025/1/1,5637,T8010401045627,"[
  6200,
  5637,
  2025,
  564,
  1
]"
01JP1SR23BPTY8QDQ3T8K706VN,61b79418-aa3e-4032-8b1f-bee8166ff6f9,"フジタクシーグループ
",2024/7/20,2030,T9180002043938,"[
  100870,
  2030,
  2
]"
01JP1SR23B3KD4DN680VVVVSW7,61b79418-aa3e-4032-8b1f-bee8166ff6f9,大和自動車交通江�?�?,2024/5/31,1400,T7010601045948,"[
  1400
]"
01JP1SR23CKNEDBZATH9ZFHD81,61b79418-aa3e-4032-8b1f-bee8166ff6f9,近畿日本鉄道株式会社,2024/8/4,2680,T5120001183629,"[
  7336,
  2680,
  2436,
  98,
  55,
  9,
  4,
  2,
  1,
  0
]"
01JP1SR23BRBYPKZV7PK8KVAA3,61b79418-aa3e-4032-8b1f-bee8166ff6f9,K月島もんじゃ もへ�?三軒茶屋,2025/1/10,9089,T8010001173258,"[
  9089,
  9039,
  2178,
  1980,
  1848,
  1408,
  826,
  660,
  605,
  330,
  300,
  110,
  3,
  2
]"
01JP1SR23CK1XMXHJ2S4A7SG3Y,61b79418-aa3e-4032-8b1f-bee8166ff6f9,KAGARIBI,2024/12/20,11400,,"[
  11400,
  5000,
  4000,
  2500,
  2400,
  1200,
  1000,
  0
]"
01JP1SR23BQK2HZB5FG4NY8KQK,61b79418-aa3e-4032-8b1f-bee8166ff6f9,"中部食祭 (新宿カブキha11)
",2025/1/12,5052,T6011101048194,"[
  11099,
  5052,
  1989,
  1099,
  989,
  769,
  459,
  41,
  11,
  5,
  1,
  0
]"
01JP1SR23CRGASGVZ4TQBRPTRN,61b79418-aa3e-4032-8b1f-bee8166ff6f9,メゾンドプティフール 本店,2024/11/21,1541,T7010802003449,"[
  1541,
  1501,
  702,
  691,
  115,
  111,
  108,
  40,
  4
]"
01JP1SR23BSCWN257Q8P3JFT8V,61b79418-aa3e-4032-8b1f-bee8166ff6f9,赤坂見附�?2025-01-22,2210,T9020001071996,"[
  9901,
  2210,
  990,
  200,
  163,
  100,
  30,
  5,
  2,
  1
]",
01JP1SR23B3YJP70KSKXX3CK98,61b79418-aa3e-4032-8b1f-bee8166ff6f9,御膳�?銀座店,2024/11/14,5350,T7010401919045,"[
  5350,
  486,
  36,
  11,
  6,
  0
]"
01JP1SR23BCJDWA8PPBADWXV1S,61b79418-aa3e-4032-8b1f-bee8166ff6f9,SHINJUKU�?Takashimaya,2025/2/24,1641,T5120001077467,"[
  1641,
  1520,
  800,
  720,
  121,
  5,
  0
]"
01JP1SR23CK6B561WHVT93TCQJ,61b79418-aa3e-4032-8b1f-bee8166ff6f9,"築地いなせや
",,8000,T1010001100284,"[
  8000,
  2545
]"
01JP1SR23BDENG0WN604NHHS37,61b79418-aa3e-4032-8b1f-bee8166ff6f9,株式会社森ビルホスピタリティコーポレ,2025/1/1,5637,T8010401045627,"[
  6200,
  5637,
  2025,
  564,
  1
]"
01JP1SR23B7R6GDPPMCA64AH84,61b79418-aa3e-4032-8b1f-bee8166ff6f9,クラフトマン 五反田店,2024/11/24,14920,T8010701023860,"[
  14920,
  13563,
  1357,
  1
]"
01JP1SR23B3DWF0JMBADF6T4TR,61b79418-aa3e-4032-8b1f-bee8166ff6f9,B) Takashimaya,2025/2/24,4843,T5120001077467,"[
  4843,
  4480,
  2280,
  2200,
  358,
  9,
  7,
  5,
  0
]"
01JP1SR23CDM3Z136BH003V1FA,61b79418-aa3e-4032-8b1f-bee8166ff6f9,事業者名:株式会社ルー�?2025-01-07,5900,T8010401092198,"[
  23055,
  5900,
  1600,
  1400,
  1300,
  536,
  4,
  1,
  0
]",
01JP1SR23C9MEFFCQ2DVKBMJ9K,61b79418-aa3e-4032-8b1f-bee8166ff6f9,水刺間恵比寿本店,2025/1/16,25575,T5011001151289,"[
  25575,
  23250,
  17400,
  5800,
  2325,
  1950,
  1300,
  650,
  3,
  2,
  1,
  0
]"
01JP1SR23CEW1MGQZP7GMBR50M,61b79418-aa3e-4032-8b1f-bee8166ff6f9,顧客名大石陽,2024/7/23,8190,,"[
  142544,
  87435,
  8190,
  4490,
  3680,
  3463,
  2544,
  10,
  8,
  3,
  2,
  1,
  0
]"
01JP1SR23BCAM1RQQF4ARERSFC,61b79418-aa3e-4032-8b1f-bee8166ff6f9,事業者名:株式会社ルー�?2024-12-09,6500,T8010401092198,"[
  6500,
  5909,
  2600,
  1300,
  591,
  5,
  2,
  1,
  0
]",
01JP1SR23BSDH9KPX7R3S1B7VR,61b79418-aa3e-4032-8b1f-bee8166ff6f9,株式会社オカダ�?2024-11-10,2922,T8011101004022,"[
  365854,
  98856,
  2922,
  2000,
  1144,
  1040,
  104,
  52,
  15
]",
01JP1SR23C1CP4T5GR2PB9S25K,61b79418-aa3e-4032-8b1f-bee8166ff6f9,バクラクストア築地店,2024/7/1,550,T9010401140088,"[
  600,
  550,
  330,
  220,
  50
]"
01JP1SR23CSTMDTZ3PKFBCS9MV,61b79418-aa3e-4032-8b1f-bee8166ff6f9,バクラクストア築地店,2024/7/3,1420,T9010401140088,"[
  1500,
  1420,
  380,
  220,
  142,
  110,
  80
]"
01JP1SR23BSW9Z5QJZ1S1E5FDM,61b79418-aa3e-4032-8b1f-bee8166ff6f9,バクラクストア築地店,2024/7/2,660,T9010401140088,"[
  1000,
  660,
  340,
  330,
  220,
  110,
  66
]"
01JP1SR23B2GY78VWA7PFJ5RPX,61b79418-aa3e-4032-8b1f-bee8166ff6f9,居酒屋バクラ�?,2024/7/3,40000,T9010401140088,"[
  40000,
  36364,
  3636
]"
01JP1SR23BCCM69EBN6VXK89VA,61b79418-aa3e-4032-8b1f-bee8166ff6f9,ばくらく 日本橋本�?2024-07-01,16500,T9010401140088,"[
  16500,
  15000,
  1500
]",
01JP1SR23B5XBW222ZF947R52X,61b79418-aa3e-4032-8b1f-bee8166ff6f9,Cocolo Kitchen KYOTO,2024/12/30,4600,T3130001059045,"[
  4600,
  1600,
  1500,
  800,
  340,
  65,
  30,
  0
]"
01JP1SR23BDJSFNYE9JGN26BFA,61b79418-aa3e-4032-8b1f-bee8166ff6f9,当店,2025/1/12,13658,,"[
  13658,
  3850,
  2768,
  2640,
  1528,
  1440,
  1242,
  880,
  550,
  102,
  7,
  2,
  1,
  0
]"
01JP1SR23BNEVVPKKDX75TPWDA,61b79418-aa3e-4032-8b1f-bee8166ff6f9,豚肉洋食倶楽�?イロハほぼ新宿のれん�?2025-02-13,11713,T2010001128936,"[
  11713,
  3297,
  1920,
  1485,
  1276,
  1099,
  1064,
  879,
  659,
  549,
  31,
  4,
  3,
  2,
  1,
  0
]",
01JP1SR23CQ6Q5XWSAH508K9GC,61b79418-aa3e-4032-8b1f-bee8166ff6f9,水刺間恵比寿本店,2025/1/16,25575,T5011001151289,"[
  25575,
  23250,
  17400,
  5800,
  2325,
  1950,
  1300,
  650,
  3,
  2,
  1,
  0
]"
01JP1SR23CWNE1E441NS1TNVA3,61b79418-aa3e-4032-8b1f-bee8166ff6f9,株式会社グラッシーズ,2025/1/9,3400,T4011001069788,"[
  3400,
  1700,
  252,
  2
]"
01JP1SR23CHQDB87E6S1H19PYF,61b79418-aa3e-4032-8b1f-bee8166ff6f9,�?2024-12-28,1340,T5010801008608,"[
  9079,
  7997,
  3720,
  1340,
  720,
  400,
  220,
  120,
  110,
  100,
  99,
  12,
  6,
  4,
  2
]",
01JP1SR23BRXFJNJ3223X1QBJC,61b79418-aa3e-4032-8b1f-bee8166ff6f9,GO株式会社(,2024/8/1,2500,T2011501015896,"[
  790093,
  95236,
  10482,
  8721,
  4269,
  2900,
  2500,
  2000,
  979,
  854,
  769,
  575,
  560,
  543,
  264,
  227,
  182,
  99,
  38,
  33,
  8,
  7,
  6,
  5,
  4,
  4,
  3,
  2,
  1,
  0
]"
01JP1SR23BFKX8YHQQ2869X5JD,61b79418-aa3e-4032-8b1f-bee8166ff6f9,"中部食祭 (新宿カブキha11)
",2025/1/12,5052,T6011101048194,"[
  11099,
  5052,
  1989,
  1099,
  989,
  769,
  459,
  41,
  11,
  5,
  1,
  0
]"
01JP1SR23CPVQNKCPJSR50XW4A,61b79418-aa3e-4032-8b1f-bee8166ff6f9,コメダ珈琲�?赤坂一ツ木通り�?2025-01-13,3680,T8010401014755,"[
  5600,
  3680,
  1920,
  870,
  800,
  780,
  680,
  550,
  334,
  6,
  3
]",
01JP1SR23CB6YWZ8T183VAZY3V,61b79418-aa3e-4032-8b1f-bee8166ff6f9,亀戸ぎょうざ亀戸本�?2024-12-15,2750,,"[
  2750,
  5
]",
01JP1SR23CQTSW665D88K8YSBG,61b79418-aa3e-4032-8b1f-bee8166ff6f9,,2029/3/1,7600,T8010001139688,"[
  182302,
  7600,
  2500,
  1800,
  1563,
  900,
  691,
  6,
  5,
  2,
  1,
  0
]"
01JP1SR23C5FNEEE75K60MSEPJ,61b79418-aa3e-4032-8b1f-bee8166ff6f9,PATH,2024/12/7,6270,T5011001108058,"[
  364899,
  49993,
  6270,
  3920,
  2017,
  1960,
  980,
  834,
  770,
  600,
  570,
  8,
  4,
  2,
  0
]"
01JP1SR23BP3MM4A6QR5V88HGT,61b79418-aa3e-4032-8b1f-bee8166ff6f9,(�?クラウンタクシー,2024/5/18,1310,T2280001000184,"[
  1310
]"
01JP1SR23BMTJX8HQSZFDHEE42,61b79418-aa3e-4032-8b1f-bee8166ff6f9,SETAN伊勢丹新宿本�?2024-11-10,1447,T4011101059648,"[
  62471,
  31066,
  4949,
  3352,
  2000,
  1447,
  1340,
  1111,
  1069,
  370,
  310,
  220,
  107,
  98,
  1
]",
01JP1SR23BC2EGTCD4EJMTJ5Z9,61b79418-aa3e-4032-8b1f-bee8166ff6f9,株式会社クリアックス,2025/2/14,8350,T9013301013693,"[
  8350,
  8100,
  5503,
  4500,
  1650,
  900,
  736,
  550,
  505,
  250,
  250,
  5,
  1,
  0
]"
01JP1SR23CBJNC8437K31MN8SD,61b79418-aa3e-4032-8b1f-bee8166ff6f9,フォーミ�?2024-01-03,5440,T7020003019616,"[
  5440,
  2040,
  1950,
  1900,
  1020,
  750,
  2,
  0
]",
01JP1SR23BHJZ8EPFTY7TXZMT7,61b79418-aa3e-4032-8b1f-bee8166ff6f9,コメダ珈琲�?赤坂一ツ木通り�?2025-01-13,3680,T8010401014755,"[
  5600,
  3680,
  1920,
  870,
  800,
  780,
  680,
  550,
  334,
  6,
  3
]",
01JP1SR23C1X2AGJ34FWG27T82,61b79418-aa3e-4032-8b1f-bee8166ff6f9,セブ�?イレブン日本橋堀留町2丁目�?2024-05-15,198,T8010003016282,"[
  198,
  184,
  162,
  14,
  7,
  4,
  3,
  1
]",
01JP1SR25EJ1A1KQYS12C6HP3M,61b79418-aa3e-4032-8b1f-bee8166ff6f9,沖縄台所 くわっち一�?,2023/1/17,2900,,"[
  2900
]"
01JP1SR25DSP6KG24H5AW478YH,61b79418-aa3e-4032-8b1f-bee8166ff6f9,東日本旅客鉄道株式会�?2021-02-23,3530,,"[
  100361,
  3530,
  4,
  1
]",
01JP1SR25DD9W3NFY07NJJQ1QB,61b79418-aa3e-4032-8b1f-bee8166ff6f9,シンガポール�?小籠包と餃子専門�?2024-12-11,16340,T9010101001904,"[
  16340,
  3200,
  1800,
  1486,
  1200,
  990,
  980,
  850,
  720,
  640,
  600,
  530,
  380,
  19,
  5,
  4,
  3,
  2,
  1,
  0
]",
01JP1SR25DJZTSEDSHM1AGRHA3,61b79418-aa3e-4032-8b1f-bee8166ff6f9,当店,2025/1/12,13658,,"[
  13658,
  3850,
  2768,
  2640,
  1528,
  1440,
  1242,
  880,
  550,
  102,
  7,
  2,
  1,
  0
]"
01JP1SR25DR1A0HWNGEMFZ1ST5,61b79418-aa3e-4032-8b1f-bee8166ff6f9,南房総やまと寿司 館山本店,2024/12/6,32850,T6040001074257,"[
  32850,
  2986,
  2940,
  2650,
  2400,
  1760,
  1740,
  1720,
  1520,
  1320,
  1290,
  1160,
  1140,
  1060,
  1050,
  980,
  880,
  760,
  680,
  600,
  580,
  530,
  520,
  480,
  460,
  430,
  380,
  350,
  330,
  280,
  260,
  230,
  200,
  180,
  130,
  6,
  5,
  4,
  3,
  2
]"
01JP1SR25E3W116TEE0YPMXJ65,61b79418-aa3e-4032-8b1f-bee8166ff6f9,クラフトマン 五反田店,2024/11/24,14920,T8010701023860,"[
  14920,
  13563,
  1357,
  1
]"
01JP1SR25DV30115VP3STZGV4W,61b79418-aa3e-4032-8b1f-bee8166ff6f9,★本日はご来店いただき誠にありが,2024/11/21,2360,,"[
  2360,
  1350,
  940,
  175,
  70,
  26,
  2,
  0
]"
01JP1SR25D91ECX9KR6BW16F0D,61b79418-aa3e-4032-8b1f-bee8166ff6f9,オーケー 三鷹北口�?2025-02-22,409,T6010801001974,"[
  37930,
  600,
  409,
  379,
  299,
  80,
  0
]",
01JP1SR25DSCZY2SXJFBERFGBY,61b79418-aa3e-4032-8b1f-bee8166ff6f9,The Bellwood,2024/12/29,4199,T5010901041582,"[
  4199,
  4190,
  4172,
  2000,
  1900,
  381,
  272,
  86,
  27,
  9,
  0
]"
01JP1SR25D0Y2RZZ8E5ZD6D87S,61b79418-aa3e-4032-8b1f-bee8166ff6f9,PATH,2024/12/7,6270,T5011001108058,"[
  364899,
  49993,
  6270,
  3920,
  2017,
  1960,
  980,
  834,
  770,
  600,
  570,
  8,
  4,
  2,
  0
]"
01JP1SR25D47NTR621CCMYC2TY,61b79418-aa3e-4032-8b1f-bee8166ff6f9,kmグループ国際自動車㈱�?世田谷営業所,2024/12/20,5600,T7010901032448,"[
  5600,
  3288,
  1426,
  509,
  201
]"
01JP1SR25D4MFPJTFVPQTVMZE9,61b79418-aa3e-4032-8b1f-bee8166ff6f9,豚肉洋食倶楽�?イロハほぼ新宿のれん�?2025-02-13,11713,T2010001128936,"[
  11713,
  3297,
  1920,
  1485,
  1276,
  1099,
  1064,
  879,
  659,
  549,
  31,
  4,
  3,
  2,
  1,
  0
]",
01JP1SR25DV3X2Z8M11718E99N,61b79418-aa3e-4032-8b1f-bee8166ff6f9,メゾンドプティフール 本店,2024/11/21,1541,T7010802003449,"[
  1541,
  1501,
  702,
  691,
  115,
  111,
  108,
  40,
  4
]"
01JP1SR25D6HJGV07YJ5ACHSYG,61b79418-aa3e-4032-8b1f-bee8166ff6f9,★本日はご来店いただき誠にありが,2024/11/21,2360,,"[
  2360,
  1350,
  940,
  175,
  70,
  26,
  2,
  0
]"
01JP1SR25DTMM5RF9DVCVXNVF0,61b79418-aa3e-4032-8b1f-bee8166ff6f9,亀戸ぎょうざ亀戸本�?2024-12-15,2750,,"[
  2750,
  5
]",
01JP1SR25ENQ6K2PPN7KKD2SEB,61b79418-aa3e-4032-8b1f-bee8166ff6f9,The Bellwood,2024/12/29,4199,T5010901041582,"[
  4199,
  4190,
  4172,
  2000,
  1900,
  381,
  272,
  86,
  27,
  9,
  0
]"
01JP1SR25DPDPQB8HMCMSTN9RS,61b79418-aa3e-4032-8b1f-bee8166ff6f9,株式会社クリアックス,2025/2/14,8350,T9013301013693,"[
  8350,
  8100,
  5503,
  4500,
  1650,
  900,
  736,
  550,
  505,
  250,
  250,
  5,
  1,
  0
]"
01JP1SR25EWG59TKF1TTF1QH4A,61b79418-aa3e-4032-8b1f-bee8166ff6f9,,2029/3/1,7600,T8010001139688,"[
  182302,
  7600,
  2500,
  1800,
  1563,
  900,
  691,
  6,
  5,
  2,
  1,
  0
]"
01JP1SR25E4EFDT7QHTVQQ16H7,61b79418-aa3e-4032-8b1f-bee8166ff6f9,(�?ビックカメラ,2025/1/19,2328,T9013301010402,"[
  2328,
  1370,
  958,
  500,
  211,
  100,
  71,
  24,
  7,
  5,
  3,
  2,
  1,
  0
]"
01JP1SR25DSQZAJA0QYDHFZ8WC,61b79418-aa3e-4032-8b1f-bee8166ff6f9,バクラクストア築地店,2024/7/1,550,T9010401140088,"[
  600,
  550,
  330,
  220,
  50
]"
01JP1SR25DDPHSFG6MCBNM7Z41,61b79418-aa3e-4032-8b1f-bee8166ff6f9,バクラクストア築地店,2024/7/3,1420,T9010401140088,"[
  1500,
  1420,
  380,
  220,
  142,
  110,
  80
]"
01JP1SR25DNQ06JQ7MHSBZVWDR,61b79418-aa3e-4032-8b1f-bee8166ff6f9,バクラクストア築地店,2024/7/2,660,T9010401140088,"[
  1000,
  660,
  340,
  330,
  220,
  110,
  66
]"
01JP1SR25DVJP58R0NC5SV7E5P,61b79418-aa3e-4032-8b1f-bee8166ff6f9,居酒屋バクラ�?,2024/7/3,40000,T9010401140088,"[
  40000,
  36364,
  3636
]"
01JP1SR25E4G5XXBDKE8T5891F,61b79418-aa3e-4032-8b1f-bee8166ff6f9,ばくらく 日本橋本�?2024-07-01,16500,T9010401140088,"[
  16500,
  15000,
  1500
]",
01JP1SR25DB5ET2CS3JTF0KZ9Q,61b79418-aa3e-4032-8b1f-bee8166ff6f9,"中部食祭 (新宿カブキha11)
",2025/1/12,5052,T6011101048194,"[
  11099,
  5052,
  1989,
  1099,
  989,
  769,
  459,
  41,
  11,
  5,
  1,
  0
]"
01JP1SR25DM2D15CQNGEQFSBY0,61b79418-aa3e-4032-8b1f-bee8166ff6f9,Cocolo Kitchen KYOTO,2024/12/30,4600,T3130001059045,"[
  4600,
  1600,
  1500,
  800,
  340,
  65,
  30,
  0
]"
01JP1SR25DHV42DJ1K9HSQF75A,61b79418-aa3e-4032-8b1f-bee8166ff6f9,鼎泰�?新宿高島屋店,2024/11/24,5430,T2010001060684,"[
  5430,
  1320,
  1290,
  1050,
  1020,
  750,
  493,
  6,
  2,
  1
]"
01JP1SR25DXYQYKYSDN78PDEV4,61b79418-aa3e-4032-8b1f-bee8166ff6f9,当店,2025/1/12,13658,,"[
  13658,
  3850,
  2768,
  2640,
  1528,
  1440,
  1242,
  880,
  550,
  102,
  7,
  2,
  1,
  0
]"
01JP1SR25DGWKXZZ6TVKNVR6RG,61b79418-aa3e-4032-8b1f-bee8166ff6f9,"築地いなせや
",,8000,T1010001100284,"[
  8000,
  2545
]"
01JP1SR25ES99KBT9BYN4DMHGQ,61b79418-aa3e-4032-8b1f-bee8166ff6f9,水刺間恵比寿本店,2025/1/16,25575,T5011001151289,"[
  25575,
  23250,
  17400,
  5800,
  2325,
  1950,
  1300,
  650,
  3,
  2,
  1,
  0
]"
01JP1SR25DCC1RRNRFMTNM4YE3,61b79418-aa3e-4032-8b1f-bee8166ff6f9,株式会社SNOWBALL,2025/1/11,1810,T3010401150489,"[
  1810,
  165,
  0
]"
01JP1SR25D7NZ2A2325T101A9D,61b79418-aa3e-4032-8b1f-bee8166ff6f9,株式会社グラッシーズ,2025/1/9,3400,T4011001069788,"[
  3400,
  1700,
  252,
  2
]"
01JP1SR25D3VD0G2GD2Z4WKMW7,61b79418-aa3e-4032-8b1f-bee8166ff6f9,K月島もんじゃ もへ�?三軒茶屋,2025/1/10,9089,T8010001173258,"[
  9089,
  9039,
  2178,
  1980,
  1848,
  1408,
  826,
  660,
  605,
  330,
  300,
  110,
  3,
  2
]"
01JP1SR25DV135YYZAVPAZTF2S,61b79418-aa3e-4032-8b1f-bee8166ff6f9,御膳�?銀座店,2024/11/14,5350,T7010401919045,"[
  5350,
  486,
  36,
  11,
  6,
  0
]"
01JP1SR25DAA8BM3NRH5FCBBRZ,61b79418-aa3e-4032-8b1f-bee8166ff6f9,B) Takashimaya,2025/2/24,4843,T5120001077467,"[
  4843,
  4480,
  2280,
  2200,
  358,
  9,
  7,
  5,
  0
]"
01JP1SR25DA6XDVSADXV00FPWP,61b79418-aa3e-4032-8b1f-bee8166ff6f9,メゾンドプティフール 本店,2024/11/21,1541,T7010802003449,"[
  1541,
  1501,
  702,
  691,
  115,
  111,
  108,
  40,
  4
]"
01JP1SR25E1YCFKN9WHSNVBBDP,61b79418-aa3e-4032-8b1f-bee8166ff6f9,顧客名大石陽,2024/7/23,8190,,"[
  142544,
  87435,
  8190,
  4490,
  3680,
  3463,
  2544,
  10,
  8,
  3,
  2,
  1,
  0
]"
01JP1SR25DBEWDFKZRRN9RNG51,61b79418-aa3e-4032-8b1f-bee8166ff6f9,西日本旅客鉄道株式会�?2024-05-19,13060,T1120001059575,"[
  101203,
  13060,
  10,
  1
]",
01JP1SR25DVB4HCBSR40VQKCJZ,61b79418-aa3e-4032-8b1f-bee8166ff6f9,株式会社オカダ�?2024-11-10,2922,T8011101004022,"[
  365854,
  98856,
  2922,
  2000,
  1144,
  1040,
  104,
  52,
  15
]",
01JP1SR25DA5ZDQR9VEF4YBXZV,61b79418-aa3e-4032-8b1f-bee8166ff6f9,株式会社グラッシーズ,2025/1/9,3400,T4011001069788,"[
  3400,
  1700,
  252,
  2
]"
01JP1SR25EH5R7E5E4GENSV8T3,61b79418-aa3e-4032-8b1f-bee8166ff6f9,セブ�?イレブン日本橋堀留町2丁目�?2024-05-15,198,T8010003016282,"[
  198,
  184,
  162,
  14,
  7,
  4,
  3,
  1
]",
01JP1SR25DXFP0TCK0C5NNP7B8,61b79418-aa3e-4032-8b1f-bee8166ff6f9,合同会社南西交�?2024-04-28,1700,T9360003005134,"[
  1700
]",
01JP1SR25E1SPR79ZPNE426KV0,61b79418-aa3e-4032-8b1f-bee8166ff6f9,日の丸サンズ株式会社,2024/11/17,642,T6010001006659,"[
  642,
  378,
  189,
  146,
  118,
  47,
  2,
  1
]"
01JP1SR25E41F70FJMTTM4CQ2J,61b79418-aa3e-4032-8b1f-bee8166ff6f9,亀戸ホルモン本�?2024-12-15,8730,,"[
  10000,
  8730,
  1700,
  1680,
  1270,
  880,
  850,
  794,
  650,
  550,
  400,
  270,
  220,
  2
]",
01JP1SR25EHS7AS7SFGGQ43VHT,61b79418-aa3e-4032-8b1f-bee8166ff6f9,SHINJUKU�?Takashimaya,2025/2/24,1641,T5120001077467,"[
  1641,
  1520,
  800,
  720,
  121,
  5,
  0
]"
01JP1SR25DVSYTMM575A9B0DP3,61b79418-aa3e-4032-8b1f-bee8166ff6f9,株式会社グラッシーズ,2025/1/9,3400,T4011001069788,"[
  3400,
  1700,
  252,
  2
]"
01JP1SR25EKV3B8N34XQSPKVA7,61b79418-aa3e-4032-8b1f-bee8166ff6f9,SETAN伊勢丹新宿本�?2024-11-10,1447,T4011101059648,"[
  62471,
  31066,
  4949,
  3352,
  2000,
  1447,
  1340,
  1111,
  1069,
  370,
  310,
  220,
  107,
  98,
  1
]",
01JP1SR25ET45XYHM21TNM18N0,61b79418-aa3e-4032-8b1f-bee8166ff6f9,フォーミ�?2024-01-03,5440,T7020003019616,"[
  5440,
  2040,
  1950,
  1900,
  1020,
  750,
  2,
  0
]",
01JP1SR27NXBM3X5FX33BQPWGZ,61b79418-aa3e-4032-8b1f-bee8166ff6f9,GO株式会社(,2024/8/1,2500,T2011501015896,"[
  790093,
  95236,
  10482,
  8721,
  4269,
  2900,
  2500,
  2000,
  979,
  854,
  769,
  575,
  560,
  543,
  264,
  227,
  182,
  99,
  38,
  33,
  8,
  7,
  6,
  5,
  4,
  4,
  3,
  2,
  1,
  0
]"
01JP1SR27NFB8HW5CMVWN6JDPA,61b79418-aa3e-4032-8b1f-bee8166ff6f9,"フジタクシーグループ
",2024/7/20,2030,T9180002043938,"[
  100870,
  2030,
  2
]"
01JP1SR27NRXKQQMK5H0V3JRXV,61b79418-aa3e-4032-8b1f-bee8166ff6f9,大和自動車交通江�?�?,2024/5/31,1400,T7010601045948,"[
  1400
]"
01JP1SR27M15JT0QBPAXS0FGSX,61b79418-aa3e-4032-8b1f-bee8166ff6f9,合同会社南西交�?2024-04-28,1700,T9360003005134,"[
  1700
]",
01JP1SR27MVVZHNWE0DHCAYZ7W,61b79418-aa3e-4032-8b1f-bee8166ff6f9,西日本旅客鉄道株式会�?2024-05-19,13060,T1120001059575,"[
  101203,
  13060,
  10,
  1
]",
01JP1SR27NTHX08GY7FGMSEZFG,61b79418-aa3e-4032-8b1f-bee8166ff6f9,Bio c'Bonビオセボン代々木上原�?2025-02-16,384,T5040001095717,"[
  43232,
  4949,
  384,
  356,
  198,
  158,
  28,
  1,
  0
]",
01JP1SR27N7G9QNTM0NQS21FRF,61b79418-aa3e-4032-8b1f-bee8166ff6f9,渋谷�?2025-01-02,590,T1011001158346,"[
  978,
  590,
  43,
  1,
  0
]",
01JP1SR27NSYCBQ17GWF3EYEWZ,61b79418-aa3e-4032-8b1f-bee8166ff6f9,当店,2025/1/12,13658,,"[
  13658,
  3850,
  2768,
  2640,
  1528,
  1440,
  1242,
  880,
  550,
  102,
  7,
  2,
  1,
  0
]"
01JP1SR27NFN369FS4D2WE5M7G,61b79418-aa3e-4032-8b1f-bee8166ff6f9,"築地いなせや
",,8000,T1010001100284,"[
  8000,
  2545
]"
01JP1SR27N86B7KYAD0G1Q7QXS,61b79418-aa3e-4032-8b1f-bee8166ff6f9,南房総やまと寿司 館山本店,2024/12/6,32850,T6040001074257,"[
  32850,
  2986,
  2940,
  2650,
  2400,
  1760,
  1740,
  1720,
  1520,
  1320,
  1290,
  1160,
  1140,
  1060,
  1050,
  980,
  880,
  760,
  680,
  600,
  580,
  530,
  520,
  480,
  460,
  430,
  380,
  350,
  330,
  280,
  260,
  230,
  200,
  180,
  130,
  6,
  5,
  4,
  3,
  2
]"
01JP1SR27NYK7SJ7219NJW66RH,61b79418-aa3e-4032-8b1f-bee8166ff6f9,水刺間恵比寿本店,2025/1/16,25575,T5011001151289,"[
  25575,
  23250,
  17400,
  5800,
  2325,
  1950,
  1300,
  650,
  3,
  2,
  1,
  0
]"
01JP1SR27N7YCCHXFQGP3CN928,61b79418-aa3e-4032-8b1f-bee8166ff6f9,フクモチック有限会社,2024/11/15,3780,,"[
  988544,
  4730,
  3780,
  1260,
  950,
  800,
  720,
  630,
  620,
  350,
  206,
  86,
  70,
  30,
  15,
  11,
  2,
  1,
  0
]"
01JP1SR27NJ7CJW23P781CM710,61b79418-aa3e-4032-8b1f-bee8166ff6f9,株式会社ノム�?2024-03-27,24750,T7020001126083,"[
  24750,
  22917,
  1833,
  0
]",
01JP1SR27NNGFFB7M8MAQJ7V42,61b79418-aa3e-4032-8b1f-bee8166ff6f9,PATH,2024/12/7,6270,T5011001108058,"[
  364899,
  49993,
  6270,
  3920,
  2017,
  1960,
  980,
  834,
  770,
  600,
  570,
  8,
  4,
  2,
  0
]"
01JP1SR27NR4RKXXPX7013C73P,61b79418-aa3e-4032-8b1f-bee8166ff6f9,SHINJUKU�?Takashimaya,2025/2/24,1641,T5120001077467,"[
  1641,
  1520,
  800,
  720,
  121,
  5,
  0
]"
01JP1SR27N8QVMF4SC60P8PN2G,61b79418-aa3e-4032-8b1f-bee8166ff6f9,"ew.note
",2025/2/24,5880,T3011001115295,"[
  5880,
  5830,
  5300,
  3600,
  1400,
  530,
  300,
  204,
  50,
  46,
  4,
  1
]"
01JP1SR27N7MFTAPM8WQPCTY01,61b79418-aa3e-4032-8b1f-bee8166ff6f9,Bio c'Bonビオセボン代々木上原�?2025-02-16,384,T5040001095717,"[
  43232,
  4949,
  384,
  356,
  198,
  158,
  28,
  1,
  0
]",
01JP1SR27N1TRRS1H1VBQ8W2AH,61b79418-aa3e-4032-8b1f-bee8166ff6f9,"中部食祭 (新宿カブキha11)
",2025/1/12,5052,T6011101048194,"[
  11099,
  5052,
  1989,
  1099,
  989,
  769,
  459,
  41,
  11,
  5,
  1,
  0
]"
01JP1SR27MWDD38DQ852GBEMKZ,61b79418-aa3e-4032-8b1f-bee8166ff6f9,"cafe 1930
",2025/1/12,5580,T9010601033281,"[
  5580,
  1930,
  990,
  700,
  507,
  400
]"
01JP1SR27NZ8FKAQW9AK9YHM3P,61b79418-aa3e-4032-8b1f-bee8166ff6f9,Cocolo Kitchen KYOTO,2024/12/30,4600,T3130001059045,"[
  4600,
  1600,
  1500,
  800,
  340,
  65,
  30,
  0
]"
01JP1SR27NSMBHNKY6A2Y28W98,61b79418-aa3e-4032-8b1f-bee8166ff6f9,株式会社グラッシーズ,2025/1/9,3400,T4011001069788,"[
  3400,
  1700,
  252,
  2
]"
01JP1SR27N5MD14Y3CP3NS63C7,61b79418-aa3e-4032-8b1f-bee8166ff6f9,株式会社ノム�?2024-07-23,28050,T7020001126083,"[
  28050,
  25973,
  2077,
  0
]",
01JP1SR27NN1HJHN7A41PJBHEK,61b79418-aa3e-4032-8b1f-bee8166ff6f9,<haritts>,2024/12/21,1063,T1011001122657,"[
  1063,
  500,
  280,
  250,
  79,
  3
]"
01JP1SR27NAKHRTTRB6TXMS36T,61b79418-aa3e-4032-8b1f-bee8166ff6f9,事業者名:株式会社ルー�?2025-01-07,5900,T8010401092198,"[
  23055,
  5900,
  1600,
  1400,
  1300,
  536,
  4,
  1,
  0
]",
01JP1SR27NSVKHFB8M0755WYBH,61b79418-aa3e-4032-8b1f-bee8166ff6f9,水刺間恵比寿本店,2025/1/16,25575,T5011001151289,"[
  25575,
  23250,
  17400,
  5800,
  2325,
  1950,
  1300,
  650,
  3,
  2,
  1,
  0
]"
01JP1SR27N5MDDVH6MNK7BAAEE,61b79418-aa3e-4032-8b1f-bee8166ff6f9,Cocolo Kitchen KYOTO,2024/12/30,4600,T3130001059045,"[
  4600,
  1600,
  1500,
  800,
  340,
  65,
  30,
  0
]"
01JP1SR27NC0S523PR6D6JCGZR,61b79418-aa3e-4032-8b1f-bee8166ff6f9,(�?ビックカメラ,2025/1/19,2328,T9013301010402,"[
  2328,
  1370,
  958,
  500,
  211,
  100,
  71,
  24,
  7,
  5,
  3,
  2,
  1,
  0
]"
01JP1SR27NH4BYRBP4VS8177DB,61b79418-aa3e-4032-8b1f-bee8166ff6f9,事業者名:株式会社ルー�?2024-12-09,6500,T8010401092198,"[
  6500,
  5909,
  2600,
  1300,
  591,
  5,
  2,
  1,
  0
]",
01JP1SR27N7NPZSYXNYR5C1K92,61b79418-aa3e-4032-8b1f-bee8166ff6f9,亀戸ぎょうざ亀戸本�?2024-12-15,2750,,"[
  2750,
  5
]",
01JP1SR27NCAPDNPM17NVCT5ED,61b79418-aa3e-4032-8b1f-bee8166ff6f9,Bio c'Bonビオセボン代々木上原�?2025-02-16,384,T5040001095717,"[
  43232,
  4949,
  384,
  356,
  198,
  158,
  28,
  1,
  0
]",
01JP1SR27NK0HG3XGR755D3KKT,61b79418-aa3e-4032-8b1f-bee8166ff6f9,近畿日本鉄道株式会社,2024/8/4,2680,T5120001183629,"[
  7336,
  2680,
  2436,
  98,
  55,
  9,
  4,
  2,
  1,
  0
]"
01JP1SR27N2HRZRR6CV6HKV2MX,61b79418-aa3e-4032-8b1f-bee8166ff6f9,"中部食祭 (新宿カブキha11)
",2025/1/12,5052,T6011101048194,"[
  11099,
  5052,
  1989,
  1099,
  989,
  769,
  459,
  41,
  11,
  5,
  1,
  0
]"
01JP1SR27NVQZS6CQF4B4B1T3D,61b79418-aa3e-4032-8b1f-bee8166ff6f9,コメダ珈琲�?赤坂一ツ木通り�?2025-01-13,3680,T8010401014755,"[
  5600,
  3680,
  1920,
  870,
  800,
  780,
  680,
  550,
  334,
  6,
  3
]",
01JP1SR27NWTE6281S7265YSWQ,61b79418-aa3e-4032-8b1f-bee8166ff6f9,御膳�?銀座店,2024/11/14,5350,T7010401919045,"[
  5350,
  486,
  36,
  11,
  6,
  0
]"
01JP1SR27MS4781PA0JPPQJ7WE,61b79418-aa3e-4032-8b1f-bee8166ff6f9,株式会社クリアックス,2025/2/14,8350,T9013301013693,"[
  8350,
  8100,
  5503,
  4500,
  1650,
  900,
  736,
  550,
  505,
  250,
  250,
  5,
  1,
  0
]"
01JP1SR27N54XATTEW7WY6HZ09,61b79418-aa3e-4032-8b1f-bee8166ff6f9,株式会社森ビルホスピタリティコーポレ,2025/1/1,5637,T8010401045627,"[
  6200,
  5637,
  2025,
  564,
  1
]"
01JP1SR27N5KF3BZKFMY4759BS,61b79418-aa3e-4032-8b1f-bee8166ff6f9,エシレ・ラトリエ デュブール麻布台ヒルズ店,2025/1/23,1188,T7010401006794,"[
  1188,
  1100,
  600,
  500,
  88,
  1,
  0
]"
01JP1SR27NSCZA08T22SWKK221,61b79418-aa3e-4032-8b1f-bee8166ff6f9,株式会社グラッシーズ,2025/1/9,3400,T4011001069788,"[
  3400,
  1700,
  252,
  2
]"
01JP1SR27NEPJWNPHG0628F5R2,61b79418-aa3e-4032-8b1f-bee8166ff6f9,SETAN伊勢丹新宿本�?2024-11-10,1447,T4011101059648,"[
  62471,
  31066,
  4949,
  3352,
  2000,
  1447,
  1340,
  1111,
  1069,
  370,
  310,
  220,
  107,
  98,
  1
]",
01JP1SR27N4RM7B8CWCZWQVZFX,61b79418-aa3e-4032-8b1f-bee8166ff6f9,KAGARIBI,2024/12/20,11400,,"[
  11400,
  5000,
  4000,
  2500,
  2400,
  1200,
  1000,
  0
]"
01JP1SR27NEMN312MC2RMTW3H1,61b79418-aa3e-4032-8b1f-bee8166ff6f9,メゾンドプティフール 本店,2024/11/21,1541,T7010802003449,"[
  1541,
  1501,
  702,
  691,
  115,
  111,
  108,
  40,
  4
]"
01JP1SR27N2E8Z4CQH9BMFJFG5,61b79418-aa3e-4032-8b1f-bee8166ff6f9,コメダ珈琲�?赤坂一ツ木通り�?2025-01-13,3680,T8010401014755,"[
  5600,
  3680,
  1920,
  870,
  800,
  780,
  680,
  550,
  334,
  6,
  3
]",
01JP1SR27NJ5HX98VEHSDH18ME,61b79418-aa3e-4032-8b1f-bee8166ff6f9,The Bellwood,2024/12/29,4199,T5010901041582,"[
  4199,
  4190,
  4172,
  2000,
  1900,
  381,
  272,
  86,
  27,
  9,
  0
]"
01JP1SR27N96P01YV59NNN9E74,61b79418-aa3e-4032-8b1f-bee8166ff6f9,"築地いなせや
",,8000,T1010001100284,"[
  8000,
  2545
]"
01JP1SR27N3JNYSVMXWJ4TXC9A,61b79418-aa3e-4032-8b1f-bee8166ff6f9,株式会社グラッシーズ,2025/1/9,3400,T4011001069788,"[
  3400,
  1700,
  252,
  2
]"
01JP1SR27NKJSEY78ZSENVS3EA,61b79418-aa3e-4032-8b1f-bee8166ff6f9,SHINJUKU�?Takashimaya,2025/2/24,1641,T5120001077467,"[
  1641,
  1520,
  800,
  720,
  121,
  5,
  0
]"
01JP1SR27N3NMNEHSQ3VZR8MC6,61b79418-aa3e-4032-8b1f-bee8166ff6f9,SETAN伊勢丹新宿本�?2024-11-10,1447,T4011101059648,"[
  62471,
  31066,
  4949,
  3352,
  2000,
  1447,
  1340,
  1111,
  1069,
  370,
  310,
  220,
  107,
  98,
  1
]",
01JP1SR2ANEFYX21NTTQYMRC8R,61b79418-aa3e-4032-8b1f-bee8166ff6f9,福岡エムケイ株式会社,2024/7/19,1390,T5290001032447,"[
  1390,
  330,
  201,
  126,
  24,
  0
]"
01JP1SR2ANXKNY2GKD7B4KWG4Y,61b79418-aa3e-4032-8b1f-bee8166ff6f9,Cocolo Kitchen KYOTO,2024/12/30,4600,T3130001059045,"[
  4600,
  1600,
  1500,
  800,
  340,
  65,
  30,
  0
]"
01JP1SR2AN54P563HA3NYKCE56,61b79418-aa3e-4032-8b1f-bee8166ff6f9,御膳�?銀座店,2024/11/14,5350,T7010401919045,"[
  5350,
  486,
  36,
  11,
  6,
  0
]"
01JP1SR2ANCVE4E82TZY5TVX69,61b79418-aa3e-4032-8b1f-bee8166ff6f9,正和自動車株式会�?2024-07-26,1200,T6011801008340,"[
  2177,
  1200
]",
01JP1SR2ANSW5S5FNKWG5QG5AT,61b79418-aa3e-4032-8b1f-bee8166ff6f9,Bio c'Bonビオセボン代々木上原�?2025-02-16,384,T5040001095717,"[
  43232,
  4949,
  384,
  356,
  198,
  158,
  28,
  1,
  0
]",
01JP1SR2ANR22SXR7SGCBWKXZQ,61b79418-aa3e-4032-8b1f-bee8166ff6f9,"中部食祭 (新宿カブキha11)
",2025/1/12,5052,T6011101048194,"[
  11099,
  5052,
  1989,
  1099,
  989,
  769,
  459,
  41,
  11,
  5,
  1,
  0
]"
01JP1SR2AN94HVX5PXPTT6HPSK,61b79418-aa3e-4032-8b1f-bee8166ff6f9,南房総やまと寿司 館山本店,2024/12/6,32850,T6040001074257,"[
  32850,
  2986,
  2940,
  2650,
  2400,
  1760,
  1740,
  1720,
  1520,
  1320,
  1290,
  1160,
  1140,
  1060,
  1050,
  980,
  880,
  760,
  680,
  600,
  580,
  530,
  520,
  480,
  460,
  430,
  380,
  350,
  330,
  280,
  260,
  230,
  200,
  180,
  130,
  6,
  5,
  4,
  3,
  2
]"
01JP1SR2ANA0MKP6TMWT3XZZTX,61b79418-aa3e-4032-8b1f-bee8166ff6f9,SOUEN,2025/1/25,792,T2010401131894,"[
  1583,
  891,
  792,
  791,
  692,
  58,
  0
]"
01JP1SR2ANEM8AR47F66WX0V2H,61b79418-aa3e-4032-8b1f-bee8166ff6f9,The Bellwood,2024/12/29,4199,T5010901041582,"[
  4199,
  4190,
  4172,
  2000,
  1900,
  381,
  272,
  86,
  27,
  9,
  0
]"
01JP1SR2ANTGRVQ97YPCXFRA8K,61b79418-aa3e-4032-8b1f-bee8166ff6f9,事業者名:株式会社ルー�?2025-01-07,5900,T8010401092198,"[
  23055,
  5900,
  1600,
  1400,
  1300,
  536,
  4,
  1,
  0
]",
01JP1SR2AN45CX9FM3YJF7ZGHJ,61b79418-aa3e-4032-8b1f-bee8166ff6f9,株式会社グラッシーズ,2025/1/9,3400,T4011001069788,"[
  3400,
  1700,
  252,
  2
]"
01JP1SR2AN3WSCTAJ76D1H9X1E,61b79418-aa3e-4032-8b1f-bee8166ff6f9,株式会社森ビルホスピタリティコーポレ,2025/1/1,5637,T8010401045627,"[
  6200,
  5637,
  2025,
  564,
  1
]"
01JP1SR2AN0PQ949NHE8QY5NM3,61b79418-aa3e-4032-8b1f-bee8166ff6f9,鼎泰�?新宿高島屋店,2024/11/24,5430,T2010001060684,"[
  5430,
  1320,
  1290,
  1050,
  1020,
  750,
  493,
  6,
  2,
  1
]"
01JP1SR2ANA50NWMXY1FDE0MP7,61b79418-aa3e-4032-8b1f-bee8166ff6f9,当店,2025/1/12,13658,,"[
  13658,
  3850,
  2768,
  2640,
  1528,
  1440,
  1242,
  880,
  550,
  102,
  7,
  2,
  1,
  0
]"
01JP1SR2ANJA9H80PXDNRNBD6J,61b79418-aa3e-4032-8b1f-bee8166ff6f9,豚肉洋食倶楽�?イロハほぼ新宿のれん�?2025-02-13,11713,T2010001128936,"[
  11713,
  3297,
  1920,
  1485,
  1276,
  1099,
  1064,
  879,
  659,
  549,
  31,
  4,
  3,
  2,
  1,
  0
]",
01JP1SR2AN1AMS567FZDV7WXVD,61b79418-aa3e-4032-8b1f-bee8166ff6f9,水刺間恵比寿本店,2025/1/16,25575,T5011001151289,"[
  25575,
  23250,
  17400,
  5800,
  2325,
  1950,
  1300,
  650,
  3,
  2,
  1,
  0
]"
01JP1SR2ANH52D0MJSZE0X0ARJ,61b79418-aa3e-4032-8b1f-bee8166ff6f9,東京餃子楼三軒茶屋本�?2024-12-08,1672,,"[
  1672,
  550,
  484,
  385,
  253,
  152,
  1
]",
01JP1SR2ANGY24J3VNZ0TSTKY4,61b79418-aa3e-4032-8b1f-bee8166ff6f9,kmグループ国際自動車㈱�?世田谷営業所,2024/12/20,5600,T7010901032448,"[
  5600,
  3288,
  1426,
  509,
  201
]"
01JP1SR2ANFNZ8MH9DENHZZQCP,61b79418-aa3e-4032-8b1f-bee8166ff6f9,近畿日本鉄道株式会社,2024/8/4,2680,T5120001183629,"[
  7336,
  2680,
  2436,
  98,
  55,
  9,
  4,
  2,
  1,
  0
]"
01JP1SR2AN8F2HRDGDEREEYG4F,61b79418-aa3e-4032-8b1f-bee8166ff6f9,Bio c'Bonビオセボン代々木上原�?2025-02-16,384,T5040001095717,"[
  43232,
  4949,
  384,
  356,
  198,
  158,
  28,
  1,
  0
]",
01JP1SR2AMH3FGA17KA9QRR9WM,61b79418-aa3e-4032-8b1f-bee8166ff6f9,メゾンドプティフール 本店,2024/11/21,1541,T7010802003449,"[
  1541,
  1501,
  702,
  691,
  115,
  111,
  108,
  40,
  4
]"
01JP1SR2AN2TMDHS67Z4SXF63A,61b79418-aa3e-4032-8b1f-bee8166ff6f9,販売 : お酒の専門�?2024-04-01,3998,,"[
  4384,
  3998,
  350,
  196,
  18,
  8,
  4,
  0
]",
01JP1SR2ANC1JDWE9ZCHJV9T6X,61b79418-aa3e-4032-8b1f-bee8166ff6f9,PATH,2024/12/7,6270,T5011001108058,"[
  364899,
  49993,
  6270,
  3920,
  2017,
  1960,
  980,
  834,
  770,
  600,
  570,
  8,
  4,
  2,
  0
]"
01JP1SR2ANBRKBF29ZP5FG5SEJ,61b79418-aa3e-4032-8b1f-bee8166ff6f9,<haritts>,2024/12/21,1063,T1011001122657,"[
  1063,
  500,
  280,
  250,
  79,
  3
]"
01JP1SR2ANC65H3GV1HCMJZSHT,61b79418-aa3e-4032-8b1f-bee8166ff6f9,ミッドダイニング,2024/12/7,4980,T3011001007691,"[
  4980,
  2000,
  1380,
  800,
  452,
  55,
  7,
  0
]"
01JP1SR2ANNDM431P83PBPN13J,61b79418-aa3e-4032-8b1f-bee8166ff6f9,SETAN伊勢丹新宿本�?2024-11-10,1447,T4011101059648,"[
  62471,
  31066,
  4949,
  3352,
  2000,
  1447,
  1340,
  1111,
  1069,
  370,
  310,
  220,
  107,
  98,
  1
]",
01JP1SR2ANTJABNF0DBQE04669,61b79418-aa3e-4032-8b1f-bee8166ff6f9,正和自動車株式会�?2024-07-26,1200,T6011801008340,"[
  2177,
  1200
]",
01JP1SR2AN6ADJYRGQ8F65PV7G,61b79418-aa3e-4032-8b1f-bee8166ff6f9,株式会社グラッシーズ,2025/1/9,3400,T4011001069788,"[
  3400,
  1700,
  252,
  2
]"
01JP1SR2ANZD0D31S3W9J8B6PE,61b79418-aa3e-4032-8b1f-bee8166ff6f9,合同会社南西交�?2024-04-28,1700,T9360003005134,"[
  1700
]",
01JP1SR2ANYJC798HJ3E685MNE,61b79418-aa3e-4032-8b1f-bee8166ff6f9,日の丸サンズ株式会社,2024/11/17,642,T6010001006659,"[
  642,
  378,
  189,
  146,
  118,
  47,
  2,
  1
]"
01JP1SR2AN41YTPQSW0ESPNSDX,61b79418-aa3e-4032-8b1f-bee8166ff6f9,"中部食祭 (新宿カブキha11)
",2025/1/12,5052,T6011101048194,"[
  11099,
  5052,
  1989,
  1099,
  989,
  769,
  459,
  41,
  11,
  5,
  1,
  0
]"
01JP1SR2ANH6F5ASFWW0XYY5MJ,61b79418-aa3e-4032-8b1f-bee8166ff6f9,御膳�?銀座店,2024/11/14,5350,T7010401919045,"[
  5350,
  486,
  36,
  11,
  6,
  0
]"
01JP1SR2ANHRRK8JR2Q8EQ1BRG,61b79418-aa3e-4032-8b1f-bee8166ff6f9,株式会社森ビルホスピタリティコーポレ,2025/1/1,5637,T8010401045627,"[
  6200,
  5637,
  2025,
  564,
  1
]"
01JP1SR2AN3XTRGW62CMW79ED0,61b79418-aa3e-4032-8b1f-bee8166ff6f9,顧客名大石陽,2024/7/23,8190,,"[
  142544,
  87435,
  8190,
  4490,
  3680,
  3463,
  2544,
  10,
  8,
  3,
  2,
  1,
  0
]"
01JP1SR2ANAF6MWTQRKNTCP7F9,61b79418-aa3e-4032-8b1f-bee8166ff6f9,"中部食祭 (新宿カブキha11)
",2025/1/12,5052,T6011101048194,"[
  11099,
  5052,
  1989,
  1099,
  989,
  769,
  459,
  41,
  11,
  5,
  1,
  0
]"
01JP1SR2ANCBMWREF5H7TF8GZD,61b79418-aa3e-4032-8b1f-bee8166ff6f9,コメダ珈琲�?赤坂一ツ木通り�?2025-01-13,3680,T8010401014755,"[
  5600,
  3680,
  1920,
  870,
  800,
  780,
  680,
  550,
  334,
  6,
  3
]",
01JP1SR2AN6V9FWEJS1HZBY8TE,61b79418-aa3e-4032-8b1f-bee8166ff6f9,PATH,2024/12/7,6270,T5011001108058,"[
  364899,
  49993,
  6270,
  3920,
  2017,
  1960,
  980,
  834,
  770,
  600,
  570,
  8,
  4,
  2,
  0
]"
01JP1SR2AN0FC7KSS72SXKM2TM,61b79418-aa3e-4032-8b1f-bee8166ff6f9,株式会社クリアックス,2025/2/14,8350,T9013301013693,"[
  8350,
  8100,
  5503,
  4500,
  1650,
  900,
  736,
  550,
  505,
  250,
  250,
  5,
  1,
  0
]"
01JP1SR2ANMGPX3P2N99H0RCE5,61b79418-aa3e-4032-8b1f-bee8166ff6f9,南房総やまと寿司 館山本店,2024/12/6,32850,T6040001074257,"[
  32850,
  2986,
  2940,
  2650,
  2400,
  1760,
  1740,
  1720,
  1520,
  1320,
  1290,
  1160,
  1140,
  1060,
  1050,
  980,
  880,
  760,
  680,
  600,
  580,
  530,
  520,
  480,
  460,
  430,
  380,
  350,
  330,
  280,
  260,
  230,
  200,
  180,
  130,
  6,
  5,
  4,
  3,
  2
]"
01JP1SR2ANBY9FX2MWQF7A5HTG,61b79418-aa3e-4032-8b1f-bee8166ff6f9,(�?ビックカメラ,2025/1/19,2328,T9013301010402,"[
  2328,
  1370,
  958,
  500,
  211,
  100,
  71,
  24,
  7,
  5,
  3,
  2,
  1,
  0
]"
01JP1SR2ANK1XSA98MP5MM7EYJ,61b79418-aa3e-4032-8b1f-bee8166ff6f9,バクラクストア築地店,2024/7/1,550,T9010401140088,"[
  600,
  550,
  330,
  220,
  50
]"
01JP1SR2AN32X3EX35KJJ7WMDJ,61b79418-aa3e-4032-8b1f-bee8166ff6f9,バクラクストア築地店,2024/7/3,1420,T9010401140088,"[
  1500,
  1420,
  380,
  220,
  142,
  110,
  80
]"
01JP1SR2AN2MQF7A0Q45TQH303,61b79418-aa3e-4032-8b1f-bee8166ff6f9,バクラクストア築地店,2024/7/2,660,T9010401140088,"[
  1000,
  660,
  340,
  330,
  220,
  110,
  66
]"
01JP1SR2AN092R8ZXMTCFPAA7A,61b79418-aa3e-4032-8b1f-bee8166ff6f9,居酒屋バクラ�?,2024/7/3,40000,T9010401140088,"[
  40000,
  36364,
  3636
]"
01JP1SR2ANRZVZ51714W6AKT2F,61b79418-aa3e-4032-8b1f-bee8166ff6f9,ばくらく 日本橋本�?2024-07-01,16500,T9010401140088,"[
  16500,
  15000,
  1500
]",
01JP1SR2ANA5KFP5HQ2Y71WW76,61b79418-aa3e-4032-8b1f-bee8166ff6f9,"築地いなせや
",,8000,T1010001100284,"[
  8000,
  2545
]"
01JP1SR2ANBFP8MQAYNHJXSREH,61b79418-aa3e-4032-8b1f-bee8166ff6f9,株式会社グラッシーズ,2025/1/9,3400,T4011001069788,"[
  3400,
  1700,
  252,
  2
]"
01JP1SR2AN650FM0A03DM9YMWD,61b79418-aa3e-4032-8b1f-bee8166ff6f9,K月島もんじゃ もへ�?三軒茶屋,2025/1/10,9089,T8010001173258,"[
  9089,
  9039,
  2178,
  1980,
  1848,
  1408,
  826,
  660,
  605,
  330,
  300,
  110,
  3,
  2
]"
01JP1SR2ANBMJB7Q39NQY86Y8S,61b79418-aa3e-4032-8b1f-bee8166ff6f9,御膳�?銀座店,2024/11/14,5350,T7010401919045,"[
  5350,
  486,
  36,
  11,
  6,
  0
]"
01JP1SR2AN104YAF3ATTW6V1CK,61b79418-aa3e-4032-8b1f-bee8166ff6f9,SHINJUKU�?Takashimaya,2025/2/24,1641,T5120001077467,"[
  1641,
  1520,
  800,
  720,
  121,
  5,
  0
]"
01JP1SR2ANE8C70K7R2W87CAX8,61b79418-aa3e-4032-8b1f-bee8166ff6f9,フォーミ�?2024-01-03,5440,T7020003019616,"[
  5440,
  2040,
  1950,
  1900,
  1020,
  750,
  2,
  0
]",
01JP1SR2ANYADRQQ8J1TN5PTKG,61b79418-aa3e-4032-8b1f-bee8166ff6f9,西日本旅客鉄道株式会�?2024-05-19,13060,T1120001059575,"[
  101203,
  13060,
  10,
  1
]",
01JP1SR2AN4RAEZ6KJ2MZRXRW8,61b79418-aa3e-4032-8b1f-bee8166ff6f9,"cafe 1930
",2025/1/12,5580,T9010601033281,"[
  5580,
  1930,
  990,
  700,
  507,
  400
]"
01JP1SR2ANAWWCMSM5V4044CA9,61b79418-aa3e-4032-8b1f-bee8166ff6f9,水刺間恵比寿本店,2025/1/16,25575,T5011001151289,"[
  25575,
  23250,
  17400,
  5800,
  2325,
  1950,
  1300,
  650,
  3,
  2,
  1,
  0
]"
01JP1SR2DK8TJAVPPCN2WP5HC7,61b79418-aa3e-4032-8b1f-bee8166ff6f9,沖縄台所 くわっち一�?,2023/1/17,2900,,"[
  2900
]"
01JP1SR2DJRA8HQBNY71XS711Z,61b79418-aa3e-4032-8b1f-bee8166ff6f9,近畿日本鉄道株式会社,2024/8/4,2680,T5120001183629,"[
  7336,
  2680,
  2436,
  98,
  55,
  9,
  4,
  2,
  1,
  0
]"
01JP1SR2DKV4NCYGVAFSSZJG5J,61b79418-aa3e-4032-8b1f-bee8166ff6f9,事業者名:株式会社ルー�?2025-01-07,5900,T8010401092198,"[
  23055,
  5900,
  1600,
  1400,
  1300,
  536,
  4,
  1,
  0
]",
01JP1SR2DKY2D84P3CAWKE2SH7,61b79418-aa3e-4032-8b1f-bee8166ff6f9,KAGARIBI,2024/12/20,11400,,"[
  11400,
  5000,
  4000,
  2500,
  2400,
  1200,
  1000,
  0
]"
01JP1SR2DK9FGS1J8X8ZB2ACAR,61b79418-aa3e-4032-8b1f-bee8166ff6f9,豚肉洋食倶楽�?イロハほぼ新宿のれん�?2025-02-13,11713,T2010001128936,"[
  11713,
  3297,
  1920,
  1485,
  1276,
  1099,
  1064,
  879,
  659,
  549,
  31,
  4,
  3,
  2,
  1,
  0
]",
01JP1SR2DJ87YQ9XBMC6GG6STT,61b79418-aa3e-4032-8b1f-bee8166ff6f9,株式会社森ビルホスピタリティコーポレ,2025/1/1,5637,T8010401045627,"[
  6200,
  5637,
  2025,
  564,
  1
]"
01JP1SR2DKA23SFD3FKT26E9AH,61b79418-aa3e-4032-8b1f-bee8166ff6f9,アマゾンジャパン合同会社,2024/4/1,2166,,"[
  4384,
  2166,
  350,
  12,
  8,
  6,
  4,
  0
]"
01JP1SR2DJY4WFTWCPQD0DQRVS,61b79418-aa3e-4032-8b1f-bee8166ff6f9,株式会社GOLDENDAWN,2024/7/23,25330,T8011701022852,"[
  27330,
  25330,
  2000,
  1876,
  1490,
  181,
  17,
  1,
  0
]"
01JP1SR2DK88NGEZWECTF1DAB6,61b79418-aa3e-4032-8b1f-bee8166ff6f9,東京餃子楼三軒茶屋本�?2024-12-08,1672,,"[
  1672,
  550,
  484,
  385,
  253,
  152,
  1
]",
01JP1SR2DKWRGFQTSTJVJNAQ5D,61b79418-aa3e-4032-8b1f-bee8166ff6f9,御膳�?銀座店,2024/11/14,5350,T7010401919045,"[
  5350,
  486,
  36,
  11,
  6,
  0
]"
01JP1SR2DKEAE4MDBAK2XZAJ36,61b79418-aa3e-4032-8b1f-bee8166ff6f9,鼎泰�?新宿高島屋店,2024/11/24,5430,T2010001060684,"[
  5430,
  1320,
  1290,
  1050,
  1020,
  750,
  493,
  6,
  2,
  1
]"
01JP1SR2DK680EXZ1VFG9XX102,61b79418-aa3e-4032-8b1f-bee8166ff6f9,"フジタクシーグループ
",2024/7/20,2030,T9180002043938,"[
  100870,
  2030,
  2
]"
01JP1SR2DJV0SDJ6SEC1JX4418,61b79418-aa3e-4032-8b1f-bee8166ff6f9,正和自動車株式会�?2024-07-26,1200,T6011801008340,"[
  2177,
  1200
]",
01JP1SR2DKJ0YW2SRXHB6GSV2H,61b79418-aa3e-4032-8b1f-bee8166ff6f9,西日本旅客鉄道株式会�?2024-05-19,13060,T1120001059575,"[
  101203,
  13060,
  10,
  1
]",
01JP1SR2DKGPZPW7A2EAYKX6VF,61b79418-aa3e-4032-8b1f-bee8166ff6f9,"ew.note
",2025/2/24,5880,T3011001115295,"[
  5880,
  5830,
  5300,
  3600,
  1400,
  530,
  300,
  204,
  50,
  46,
  4,
  1
]"
01JP1SR2DJWKT5HHNG9955SV1P,61b79418-aa3e-4032-8b1f-bee8166ff6f9,株式会社ノム�?2024-07-23,28050,T7020001126083,"[
  28050,
  25973,
  2077,
  0
]",
01JP1SR2DJF0D897PA35D0RA4Q,61b79418-aa3e-4032-8b1f-bee8166ff6f9,エシレ・ラトリエ デュブール麻布台ヒルズ店,2025/1/23,1188,T7010401006794,"[
  1188,
  1100,
  600,
  500,
  88,
  1,
  0
]"
01JP1SR2DKQW54KV2F6WTS0RQW,61b79418-aa3e-4032-8b1f-bee8166ff6f9,亀戸ぎょうざ亀戸本�?2024-12-15,2750,,"[
  2750,
  5
]",
01JP1SR2DK5KG5JS71W9P3NKED,61b79418-aa3e-4032-8b1f-bee8166ff6f9,SETAN伊勢丹新宿本�?2024-11-10,1447,T4011101059648,"[
  62471,
  31066,
  4949,
  3352,
  2000,
  1447,
  1340,
  1111,
  1069,
  370,
  310,
  220,
  107,
  98,
  1
]",
01JP1SR2DKA0JMZ6GPZTNR72QK,61b79418-aa3e-4032-8b1f-bee8166ff6f9,Cocolo Kitchen KYOTO,2024/12/30,4600,T3130001059045,"[
  4600,
  1600,
  1500,
  800,
  340,
  65,
  30,
  0
]"
01JP1SR2DJH0ZE6D3PFXNT50EV,61b79418-aa3e-4032-8b1f-bee8166ff6f9,"築地いなせや
",,8000,T1010001100284,"[
  8000,
  2545
]"
01JP1SR2DJEZD1RNR81JVBZVVW,61b79418-aa3e-4032-8b1f-bee8166ff6f9,株式会社森ビルホスピタリティコーポレ,2025/1/1,5637,T8010401045627,"[
  6200,
  5637,
  2025,
  564,
  1
]"
01JP1SR2DJ7M6VQJPNJTJFGHYT,61b79418-aa3e-4032-8b1f-bee8166ff6f9,株式会社グラッシーズ,2025/1/9,3400,T4011001069788,"[
  3400,
  1700,
  252,
  2
]"
01JP1SR2DJ59KQ97Q0P1V2N99T,61b79418-aa3e-4032-8b1f-bee8166ff6f9,kmグループ国際自動車㈱�?世田谷営業所,2024/12/20,5600,T7010901032448,"[
  5600,
  3288,
  1426,
  509,
  201
]"
01JP1SR2DK4QANCGXT7ZXBT0RE,61b79418-aa3e-4032-8b1f-bee8166ff6f9,K月島もんじゃ もへ�?三軒茶屋,2025/1/10,9089,T8010001173258,"[
  9089,
  9039,
  2178,
  1980,
  1848,
  1408,
  826,
  660,
  605,
  330,
  300,
  110,
  3,
  2
]"
01JP1SR2DJ7BTGKRMS7KH62754,61b79418-aa3e-4032-8b1f-bee8166ff6f9,和自動車株式会社,2024/10/24,900,T8011801009048,"[
  141630,
  900
]"
01JP1SR2DK0DHFMK4TSRP1Y9TT,61b79418-aa3e-4032-8b1f-bee8166ff6f9,B) Takashimaya,2025/2/24,4843,T5120001077467,"[
  4843,
  4480,
  2280,
  2200,
  358,
  9,
  7,
  5,
  0
]"
01JP1SR2DKV29NF482AHT7JWT7,61b79418-aa3e-4032-8b1f-bee8166ff6f9,株式会社クリアックス,2025/2/14,8350,T9013301013693,"[
  8350,
  8100,
  5503,
  4500,
  1650,
  900,
  736,
  550,
  505,
  250,
  250,
  5,
  1,
  0
]"
01JP1SR2DKDD7Y5X9TSE82A6T8,61b79418-aa3e-4032-8b1f-bee8166ff6f9,大和自動車交通江�?�?,2024/5/31,1400,T7010601045948,"[
  1400
]"
01JP1SR2DKQC46452XWYG85FKN,61b79418-aa3e-4032-8b1f-bee8166ff6f9,Cocolo Kitchen KYOTO,2024/12/30,4600,T3130001059045,"[
  4600,
  1600,
  1500,
  800,
  340,
  65,
  30,
  0
]"
01JP1SR2DK179TCPTK7G006X1E,61b79418-aa3e-4032-8b1f-bee8166ff6f9,販売 : 小山酒店,2024/4/1,4470,,"[
  4470,
  4384,
  3700,
  770,
  370,
  330,
  8,
  4
]"
01JP1SR2DKWKRR3ESB0Z23GHQ4,61b79418-aa3e-4032-8b1f-bee8166ff6f9,SETAN伊勢丹新宿本�?2024-11-10,1447,T4011101059648,"[
  62471,
  31066,
  4949,
  3352,
  2000,
  1447,
  1340,
  1111,
  1069,
  370,
  310,
  220,
  107,
  98,
  1
]",
01JP1SR2DKZTNGZ4P4RWMVSKNB,61b79418-aa3e-4032-8b1f-bee8166ff6f9,(�?ビックカメラ,2025/1/19,2328,T9013301010402,"[
  2328,
  1370,
  958,
  500,
  211,
  100,
  71,
  24,
  7,
  5,
  3,
  2,
  1,
  0
]"
01JP1SR2DJZEWJZK5QM73WBFKT,61b79418-aa3e-4032-8b1f-bee8166ff6f9,顧客名大石陽,2024/7/23,8190,,"[
  142544,
  87435,
  8190,
  4490,
  3680,
  3463,
  2544,
  10,
  8,
  3,
  2,
  1,
  0
]"
01JP1SR2DKRBH5NH536VP76T33,61b79418-aa3e-4032-8b1f-bee8166ff6f9,The Bellwood,2024/12/29,4199,T5010901041582,"[
  4199,
  4190,
  4172,
  2000,
  1900,
  381,
  272,
  86,
  27,
  9,
  0
]"
01JP1SR2DJV6DY0NBWV4E0TD27,61b79418-aa3e-4032-8b1f-bee8166ff6f9,Bio c'Bonビオセボン代々木上原�?2025-02-16,384,T5040001095717,"[
  43232,
  4949,
  384,
  356,
  198,
  158,
  28,
  1,
  0
]",
01JP1SR2DKXYRQK705Q8MNXFJ3,61b79418-aa3e-4032-8b1f-bee8166ff6f9,当店,2025/1/12,13658,,"[
  13658,
  3850,
  2768,
  2640,
  1528,
  1440,
  1242,
  880,
  550,
  102,
  7,
  2,
  1,
  0
]"
01JP1SR2DK61BG8EC5ZMZFWEG2,61b79418-aa3e-4032-8b1f-bee8166ff6f9,PATH,2024/12/7,6270,T5011001108058,"[
  364899,
  49993,
  6270,
  3920,
  2017,
  1960,
  980,
  834,
  770,
  600,
  570,
  8,
  4,
  2,
  0
]"
01JP1SR2DJW6DVB28EFGZSMHM4,61b79418-aa3e-4032-8b1f-bee8166ff6f9,亀戸ぎょうざ亀戸本�?2024-12-15,2750,,"[
  2750,
  5
]",
01JP1SR2DJ9DFCMNXSRXHTP0V1,61b79418-aa3e-4032-8b1f-bee8166ff6f9,Bio c'Bonビオセボン代々木上原�?2025-02-16,384,T5040001095717,"[
  43232,
  4949,
  384,
  356,
  198,
  158,
  28,
  1,
  0
]",
01JP1SR2DJWDA86HKPAGR9VF1N,61b79418-aa3e-4032-8b1f-bee8166ff6f9,KAGARIBI,2024/12/20,11400,,"[
  11400,
  5000,
  4000,
  2500,
  2400,
  1200,
  1000,
  0
]"
01JP1SR2DKM4KJDHDT754EFAXA,61b79418-aa3e-4032-8b1f-bee8166ff6f9,コメダ珈琲�?赤坂一ツ木通り�?2025-01-13,3680,T8010401014755,"[
  5600,
  3680,
  1920,
  870,
  800,
  780,
  680,
  550,
  334,
  6,
  3
]",
01JP1SR2DKVDYPGQ6NW1946420,61b79418-aa3e-4032-8b1f-bee8166ff6f9,SHINJUKU�?Takashimaya,2025/2/24,1641,T5120001077467,"[
  1641,
  1520,
  800,
  720,
  121,
  5,
  0
]"
01JP1SR2DK2Z0B39E09PACA751,61b79418-aa3e-4032-8b1f-bee8166ff6f9,福岡エムケイ株式会社,2024/7/19,1390,T5290001032447,"[
  1390,
  330,
  201,
  126,
  24,
  0
]"
01JP1SR2DJYP1KY0D540EY0TVX,61b79418-aa3e-4032-8b1f-bee8166ff6f9,当店,2025/1/12,13658,,"[
  13658,
  3850,
  2768,
  2640,
  1528,
  1440,
  1242,
  880,
  550,
  102,
  7,
  2,
  1,
  0
]"
01JP1SR2DKJF9CVYEB7Q99V059,61b79418-aa3e-4032-8b1f-bee8166ff6f9,"中部食祭 (新宿カブキha11)
",2025/1/12,5052,T6011101048194,"[
  11099,
  5052,
  1989,
  1099,
  989,
  769,
  459,
  41,
  11,
  5,
  1,
  0
]"
01JP1SR2DKDWB7QEZAGJH1C6K6,61b79418-aa3e-4032-8b1f-bee8166ff6f9,K月島もんじゃ もへ�?三軒茶屋,2025/1/10,9089,T8010001173258,"[
  9089,
  9039,
  2178,
  1980,
  1848,
  1408,
  826,
  660,
  605,
  330,
  300,
  110,
  3,
  2
]"
01JP1SR2GRRQHKDHFTDN5925SP,61b79418-aa3e-4032-8b1f-bee8166ff6f9,株式会社三興タクシー336号車,2024/7/22,1230,,"[
  1230,
  336,
  0
]"
01JP1SR2GR232AZW9768B86WE6,61b79418-aa3e-4032-8b1f-bee8166ff6f9,大和自動車交通江�?�?,2024/5/31,1400,T7010601045948,"[
  1400
]"
01JP1SR2GRVCXHV1DES6MB43QZ,61b79418-aa3e-4032-8b1f-bee8166ff6f9,SHINJUKU�?Takashimaya,2025/2/24,1641,T5120001077467,"[
  1641,
  1520,
  800,
  720,
  121,
  5,
  0
]"
01JP1SR2GR2MATZJNDP0WMNRX4,61b79418-aa3e-4032-8b1f-bee8166ff6f9,事業者名:株式会社ルー�?2025-01-07,5900,T8010401092198,"[
  23055,
  5900,
  1600,
  1400,
  1300,
  536,
  4,
  1,
  0
]",
01JP1SR2GRAQSHXVTATG2M55NH,61b79418-aa3e-4032-8b1f-bee8166ff6f9,販売 : 小山酒店,2024/4/1,4470,,"[
  4470,
  4384,
  3700,
  770,
  370,
  330,
  8,
  4
]"
01JP1SR2GR4BGBCR6F40ZBS78V,61b79418-aa3e-4032-8b1f-bee8166ff6f9,顧客名大石陽,2024/7/23,8190,,"[
  142544,
  87435,
  8190,
  4490,
  3680,
  3463,
  2544,
  10,
  8,
  3,
  2,
  1,
  0
]"
01JP1SR2GRDFTMDD2VD3DCAFJH,61b79418-aa3e-4032-8b1f-bee8166ff6f9,"Patisserie AKANE
",2024/12/24,3880,T1810951734438,"[
  5000,
  3880,
  3593,
  1120,
  287,
  14,
  3
]"
01JP1SR2GRPQSTMWKJDM0YE5C1,61b79418-aa3e-4032-8b1f-bee8166ff6f9,FoodshowFUTAKO TAMAGAWA,2024/12/29,1800,T3011001016584,"[
  1800,
  200,
  133
]"
01JP1SR2GRSEXHRM3JFDBP845T,61b79418-aa3e-4032-8b1f-bee8166ff6f9,若林�?2024-12-26,4543,T8010901020897,"[
  76162,
  4543,
  4042,
  2025,
  2024,
  1848,
  1078,
  891,
  726,
  413,
  106,
  75,
  20,
  2
]",
01JP1SR2GRV9KS7VWQ5BBM1WY5,61b79418-aa3e-4032-8b1f-bee8166ff6f9,PATH,2024/12/7,6270,T5011001108058,"[
  364899,
  49993,
  6270,
  3920,
  2017,
  1960,
  980,
  834,
  770,
  600,
  570,
  8,
  4,
  2,
  0
]"
01JP1SR2GRDPCQB18366Q7KGHE,61b79418-aa3e-4032-8b1f-bee8166ff6f9,エシレ・ラトリエ デュブール麻布台ヒルズ店,2025/1/23,1188,T7010401006794,"[
  1188,
  1100,
  600,
  500,
  88,
  1,
  0
]"
01JP1SR2GR4Z6ME7C1R875V851,61b79418-aa3e-4032-8b1f-bee8166ff6f9,御膳�?銀座店,2024/11/14,5350,T7010401919045,"[
  5350,
  486,
  36,
  11,
  6,
  0
]"
01JP1SR2GR47NJ30Z3V30MG5W4,61b79418-aa3e-4032-8b1f-bee8166ff6f9,PATH,2024/12/7,6270,T5011001108058,"[
  364899,
  49993,
  6270,
  3920,
  2017,
  1960,
  980,
  834,
  770,
  600,
  570,
  8,
  4,
  2,
  0
]"
01JP1SR2GRSDQ49FRS786BTEAJ,61b79418-aa3e-4032-8b1f-bee8166ff6f9,豚肉洋食倶楽�?イロハほぼ新宿のれん�?2025-02-13,11713,T2010001128936,"[
  11713,
  3297,
  1920,
  1485,
  1276,
  1099,
  1064,
  879,
  659,
  549,
  31,
  4,
  3,
  2,
  1,
  0
]",
01JP1SR2GRQR7ZD9H7X2KZA410,61b79418-aa3e-4032-8b1f-bee8166ff6f9,株式会社ノム�?2024-03-27,24750,T7020001126083,"[
  24750,
  22917,
  1833,
  0
]",
01JP1SR2GR6A1HHDETWWR6Z929,61b79418-aa3e-4032-8b1f-bee8166ff6f9,日の丸サンズ株式会社,2024/11/17,642,T6010001006659,"[
  642,
  378,
  189,
  146,
  118,
  47,
  2,
  1
]"
01JP1SR2GR3Y4TS1QWPG39SYT8,61b79418-aa3e-4032-8b1f-bee8166ff6f9,株式会社グラッシーズ,2025/1/9,3400,T4011001069788,"[
  3400,
  1700,
  252,
  2
]"
01JP1SR2GR7HR225PB66EGMZ5W,61b79418-aa3e-4032-8b1f-bee8166ff6f9,和自動車株式会社,2024/10/24,900,T8011801009048,"[
  141630,
  900
]"
01JP1SR2GRP5S3YEFCHJTK8ZP4,61b79418-aa3e-4032-8b1f-bee8166ff6f9,株式会社クリアックス,2025/2/14,8350,T9013301013693,"[
  8350,
  8100,
  5503,
  4500,
  1650,
  900,
  736,
  550,
  505,
  250,
  250,
  5,
  1,
  0
]"
01JP1SR2GRZZFG2PHEHFZ21H14,61b79418-aa3e-4032-8b1f-bee8166ff6f9,顧客名大石陽,2024/7/23,8190,,"[
  142544,
  87435,
  8190,
  4490,
  3680,
  3463,
  2544,
  10,
  8,
  3,
  2,
  1,
  0
]"
01JP1SR2GRQ3PZ3VZD29KXA5RM,61b79418-aa3e-4032-8b1f-bee8166ff6f9,PATH,2024/12/7,6270,T5011001108058,"[
  364899,
  49993,
  6270,
  3920,
  2017,
  1960,
  980,
  834,
  770,
  600,
  570,
  8,
  4,
  2,
  0
]"
01JP1SR2GRW82W24CT7WDVQA2P,61b79418-aa3e-4032-8b1f-bee8166ff6f9,大衆食堂 みゆ�?2025-02-13,19620,T5020001071579,"[
  19620,
  2760,
  1784,
  1440,
  1260,
  1160,
  980,
  960,
  950,
  720,
  630,
  600,
  590,
  580,
  570,
  500,
  490,
  460,
  380,
  360,
  340,
  290,
  240,
  220,
  200,
  190,
  51,
  4,
  3,
  2,
  0
]",
01JP1SR2GRA9NVP5PE3DAKFMH1,61b79418-aa3e-4032-8b1f-bee8166ff6f9,(�?ビックカメラ,2025/1/19,2328,T9013301010402,"[
  2328,
  1370,
  958,
  500,
  211,
  100,
  71,
  24,
  7,
  5,
  3,
  2,
  1,
  0
]"
01JP1SR2GRR8B1FPA5SH323AAF,61b79418-aa3e-4032-8b1f-bee8166ff6f9,★本日はご来店いただき誠にありが,2024/11/21,2360,,"[
  2360,
  1350,
  940,
  175,
  70,
  26,
  2,
  0
]"
01JP1SR2GR8VB0KY2PW2AQVZVN,61b79418-aa3e-4032-8b1f-bee8166ff6f9,SETAN伊勢丹新宿本�?2024-11-10,1447,T4011101059648,"[
  62471,
  31066,
  4949,
  3352,
  2000,
  1447,
  1340,
  1111,
  1069,
  370,
  310,
  220,
  107,
  98,
  1
]",
01JP1SR2GR01ESGTH8J0S27SMC,61b79418-aa3e-4032-8b1f-bee8166ff6f9,KAGARIBI,2024/12/20,11400,,"[
  11400,
  5000,
  4000,
  2500,
  2400,
  1200,
  1000,
  0
]"
01JP1SR2GRZJW25YGXCNPYWA1Z,61b79418-aa3e-4032-8b1f-bee8166ff6f9,亀戸ホルモン本�?2024-12-15,8730,,"[
  10000,
  8730,
  1700,
  1680,
  1270,
  880,
  850,
  794,
  650,
  550,
  400,
  270,
  220,
  2
]",
01JP1SR2GRXPDZPH39TE2H7Y64,61b79418-aa3e-4032-8b1f-bee8166ff6f9,B) Takashimaya,2025/2/24,4843,T5120001077467,"[
  4843,
  4480,
  2280,
  2200,
  358,
  9,
  7,
  5,
  0
]"
01JP1SR2GRFM7AXXBPT5327K25,61b79418-aa3e-4032-8b1f-bee8166ff6f9,顧客名大石陽,2024/7/23,8190,,"[
  142544,
  87435,
  8190,
  4490,
  3680,
  3463,
  2544,
  10,
  8,
  3,
  2,
  1,
  0
]"
01JP1SR2GRX909CHYRFYJHEYYE,61b79418-aa3e-4032-8b1f-bee8166ff6f9,コメダ珈琲�?赤坂一ツ木通り�?2025-01-13,3680,T8010401014755,"[
  5600,
  3680,
  1920,
  870,
  800,
  780,
  680,
  550,
  334,
  6,
  3
]",
01JP1SR2GRTFPZSH4HNT5B0187,61b79418-aa3e-4032-8b1f-bee8166ff6f9,東日本旅客鉄道株式会�?2021-02-23,3530,,"[
  100361,
  3530,
  4,
  1
]",
01JP1SR2GRJEY3319GCBVFQ9Q4,61b79418-aa3e-4032-8b1f-bee8166ff6f9,南房総やまと寿司 館山本店,2024/12/6,32850,T6040001074257,"[
  32850,
  2986,
  2940,
  2650,
  2400,
  1760,
  1740,
  1720,
  1520,
  1320,
  1290,
  1160,
  1140,
  1060,
  1050,
  980,
  880,
  760,
  680,
  600,
  580,
  530,
  520,
  480,
  460,
  430,
  380,
  350,
  330,
  280,
  260,
  230,
  200,
  180,
  130,
  6,
  5,
  4,
  3,
  2
]"
01JP1SR2GRD0YCV77V1MYF92AN,61b79418-aa3e-4032-8b1f-bee8166ff6f9,亀戸ホルモン本�?2024-12-15,8730,,"[
  10000,
  8730,
  1700,
  1680,
  1270,
  880,
  850,
  794,
  650,
  550,
  400,
  270,
  220,
  2
]",
01JP1SR2GR9G0JYAPX5RHKYN2Q,61b79418-aa3e-4032-8b1f-bee8166ff6f9,合同会社南西交�?2024-04-28,1700,T9360003005134,"[
  1700
]",
01JP1SR2GR2408AWMFH4NWX1JR,61b79418-aa3e-4032-8b1f-bee8166ff6f9,Cocolo Kitchen KYOTO,2024/12/30,4600,T3130001059045,"[
  4600,
  1600,
  1500,
  800,
  340,
  65,
  30,
  0
]"
01JP1SR2GR8ANHZQBZGTY3RR4M,61b79418-aa3e-4032-8b1f-bee8166ff6f9,SETAN伊勢丹新宿本�?2024-11-10,1447,T4011101059648,"[
  62471,
  31066,
  4949,
  3352,
  2000,
  1447,
  1340,
  1111,
  1069,
  370,
  310,
  220,
  107,
  98,
  1
]",
01JP1SR2GRBT5EAG9CTNEZST8V,61b79418-aa3e-4032-8b1f-bee8166ff6f9,The Bellwood,2024/12/29,4199,T5010901041582,"[
  4199,
  4190,
  4172,
  2000,
  1900,
  381,
  272,
  86,
  27,
  9,
  0
]"
01JP1SR2GRHK2A2ZDDW0CQSPZP,61b79418-aa3e-4032-8b1f-bee8166ff6f9,水刺間恵比寿本店,2025/1/16,25575,T5011001151289,"[
  25575,
  23250,
  17400,
  5800,
  2325,
  1950,
  1300,
  650,
  3,
  2,
  1,
  0
]"
01JP1SR2GR3SSVF34W91XGPM58,61b79418-aa3e-4032-8b1f-bee8166ff6f9,顧客名大石陽,2024/7/23,8190,,"[
  142544,
  87435,
  8190,
  4490,
  3680,
  3463,
  2544,
  10,
  8,
  3,
  2,
  1,
  0
]"
01JP1SR2GRB2RFJN4SGK171QP2,61b79418-aa3e-4032-8b1f-bee8166ff6f9,御膳�?銀座店,2024/11/14,5350,T7010401919045,"[
  5350,
  486,
  36,
  11,
  6,
  0
]"
01JP1SR2GRTCZE1W1Q7FZEP3ZC,61b79418-aa3e-4032-8b1f-bee8166ff6f9,フォーミ�?2024-01-03,5440,T7020003019616,"[
  5440,
  2040,
  1950,
  1900,
  1020,
  750,
  2,
  0
]",
01JP1SR2GRX49X6J61146CTGW6,61b79418-aa3e-4032-8b1f-bee8166ff6f9,"フジタクシーグループ
",2024/7/20,2030,T9180002043938,"[
  100870,
  2030,
  2
]"
01JP1SR2GR2GN0RS88HW579ZH8,61b79418-aa3e-4032-8b1f-bee8166ff6f9,亀戸ぎょうざ亀戸本�?2024-12-15,2750,,"[
  2750,
  5
]",
01JP1SR2GR63RNB9TR39JW70MT,61b79418-aa3e-4032-8b1f-bee8166ff6f9,"築地いなせや
",,8000,T1010001100284,"[
  8000,
  2545
]"
01JP1SR2GR1D864KQVPB4C4WR7,61b79418-aa3e-4032-8b1f-bee8166ff6f9,大和自動車交通江�?�?,2024/5/31,1400,T7010601045948,"[
  1400
]"
01JP1SR2GR9BBF0N2NKPTTK32X,61b79418-aa3e-4032-8b1f-bee8166ff6f9,亀戸ぎょうざ亀戸本�?2024-12-15,2750,,"[
  2750,
  5
]",
